# kx ky  (FS points: E(k)=0)
-0.4858652755950524 -3.141592653589793
-0.4859048507246628 -3.132616674579537
0.4858652755950526 -3.141592653589793
0.4859048507246631 -3.132616674579537
-0.4859048507246628 -3.132616674579537
-0.4860235783909714 -3.12364069556928
0.4859048507246631 -3.132616674579537
0.4860235783909715 -3.12364069556928
-0.4860235783909714 -3.12364069556928
-0.486221465426352 -3.114664716559024
0.4860235783909715 -3.12364069556928
0.4862214654263521 -3.114664716559024
-0.486221465426352 -3.114664716559024
-0.4864985232179023 -3.105688737548767
0.4862214654263521 -3.114664716559024
0.4864985232179025 -3.105688737548767
-0.4864985232179023 -3.105688737548767
-0.4868547677071541 -3.09671275853851
0.4864985232179025 -3.105688737548767
0.4868547677071542 -3.09671275853851
-0.4868547677071541 -3.09671275853851
-0.4872902193896658 -3.087736779528254
0.4868547677071542 -3.09671275853851
0.487290219389666 -3.087736779528254
-0.4872902193896658 -3.087736779528254
-0.4878049033144988 -3.078760800517998
0.487290219389666 -3.087736779528254
0.4878049033144989 -3.078760800517998
-0.4878049033144988 -3.078760800517997
-0.488398849083571 -3.069784821507741
0.4878049033144989 -3.078760800517997
0.4883988490835712 -3.069784821507741
-0.488398849083571 -3.069784821507741
-0.4890720908508902 -3.060808842497484
0.4883988490835712 -3.069784821507741
0.4890720908508904 -3.060808842497484
-0.4890720908508902 -3.060808842497484
-0.4898246673216612 -3.051832863487228
0.4890720908508904 -3.060808842497484
0.4898246673216614 -3.051832863487228
-0.4898246673216612 -3.051832863487228
-0.4906566217512671 -3.042856884476971
0.4898246673216614 -3.051832863487228
0.4906566217512673 -3.042856884476971
-0.4906566217512671 -3.042856884476971
-0.4915680019441184 -3.033880905466715
0.4906566217512673 -3.042856884476971
0.4915680019441186 -3.033880905466715
-0.4915680019441184 -3.033880905466714
-0.4925588602523679 -3.024904926456458
0.4915680019441186 -3.033880905466714
0.4925588602523682 -3.024904926456458
-0.4936788455641106 -3.015928947446202
-0.4936788455641106 -3.015928947446202
-0.4925588602523679 -3.024904926456458
-0.4936788455641103 -3.015928947446202
-0.4936788455641103 -3.015928947446202
0.4925588602523682 -3.024904926456458
0.4936788455641101 -3.015928947446202
0.4936788455641101 -3.015928947446202
0.4936788455641099 -3.015928947446202
0.4936788455641099 -3.015928947446202
-0.4936788455641106 -3.015928947446201
-0.4947610402314161 -3.006952968435945
-0.4936788455641106 -3.015928947446201
-0.4936788455641103 -3.015928947446201
-0.4936788455641103 -3.015928947446201
0.4936788455641101 -3.015928947446201
0.4936788455641101 -3.015928947446201
0.4936788455641099 -3.015928947446201
0.4947610402314159 -3.006952968435945
0.4936788455641099 -3.015928947446201
-0.4947610402314161 -3.006952968435945
-0.4959703511647003 -2.997976989425688
0.4947610402314159 -3.006952968435945
0.4959703511647001 -2.997976989425688
-0.4959703511647003 -2.997976989425688
-0.4972580761012062 -2.989001010415432
0.4959703511647001 -2.997976989425688
0.497258076101206 -2.989001010415432
-0.4972580761012062 -2.989001010415432
-0.4986242888657528 -2.980025031405175
0.497258076101206 -2.989001010415432
0.4986242888657526 -2.980025031405175
-0.4986242888657528 -2.980025031405175
-0.50006906774507 -2.971049052394919
0.4986242888657526 -2.980025031405175
0.5000690677450698 -2.971049052394919
-0.50006906774507 -2.971049052394918
-0.5015924954854784 -2.962073073384662
0.5000690677450698 -2.971049052394918
0.5015924954854781 -2.962073073384662
-0.5026548245743669 -2.953097094374406
-0.5026548245743669 -2.953097094374406
-0.5015924954854784 -2.962073073384662
-0.5026548245743672 -2.953097094374406
-0.5026548245743672 -2.953097094374406
0.5015924954854781 -2.962073073384662
0.5026548245743665 -2.953097094374406
0.5026548245743665 -2.953097094374406
0.5026548245743667 -2.953097094374406
0.5026548245743667 -2.953097094374406
-0.5026548245743669 -2.953097094374406
-0.5048396842192752 -2.944121115364149
-0.5026548245743669 -2.953097094374406
-0.5026548245743672 -2.953097094374406
-0.5026548245743672 -2.953097094374406
0.5026548245743665 -2.953097094374406
0.5026548245743665 -2.953097094374406
0.5026548245743667 -2.953097094374406
0.5048396842192754 -2.944121115364149
0.5026548245743667 -2.953097094374406
-0.5048396842192752 -2.944121115364149
-0.506571097497533 -2.935145136353893
0.5048396842192754 -2.944121115364149
0.5065710974975334 -2.935145136353893
-0.506571097497533 -2.935145136353893
-0.5083802553541339 -2.926169157343636
0.5065710974975334 -2.935145136353893
0.5083802553541341 -2.926169157343636
-0.5083802553541339 -2.926169157343636
-0.5102672610916495 -2.917193178333379
0.5083802553541341 -2.926169157343636
0.5102672610916499 -2.917193178333379
-0.5116308035846238 -2.908217199323123
-0.5116308035846238 -2.908217199323123
-0.5102672610916495 -2.917193178333379
-0.5116308035846235 -2.908217199323123
-0.5116308035846235 -2.908217199323123
0.5102672610916499 -2.917193178333379
0.5116308035846233 -2.908217199323123
0.5116308035846233 -2.908217199323123
0.5116308035846231 -2.908217199323123
0.5116308035846231 -2.908217199323123
-0.5116308035846238 -2.908217199323123
-0.5142333129324019 -2.899241220312867
-0.5116308035846238 -2.908217199323123
-0.5116308035846235 -2.908217199323123
-0.5116308035846235 -2.908217199323123
0.5116308035846233 -2.908217199323123
0.5116308035846233 -2.908217199323123
0.5116308035846231 -2.908217199323123
0.5142333129324017 -2.899241220312867
0.5116308035846231 -2.908217199323123
-0.5142333129324019 -2.899241220312866
-0.5163208854631129 -2.89026524130261
0.5142333129324017 -2.899241220312866
0.5163208854631127 -2.89026524130261
-0.5163208854631129 -2.89026524130261
-0.5184855209093759 -2.881289262292353
0.5163208854631127 -2.89026524130261
0.5184855209093756 -2.881289262292353
-0.5206067825948801 -2.872313283282097
-0.5206067825948801 -2.872313283282097
-0.5184855209093759 -2.881289262292353
-0.5206067825948804 -2.872313283282097
-0.5206067825948804 -2.872313283282097
0.5184855209093756 -2.881289262292353
0.5206067825948797 -2.872313283282097
0.5206067825948797 -2.872313283282097
0.5206067825948799 -2.872313283282097
0.5206067825948799 -2.872313283282097
-0.5206067825948801 -2.872313283282097
-0.5230085807009673 -2.86333730427184
-0.5206067825948801 -2.872313283282097
-0.5206067825948804 -2.872313283282097
-0.5206067825948804 -2.872313283282097
0.5206067825948797 -2.872313283282097
0.5206067825948797 -2.872313283282097
0.5206067825948799 -2.872313283282097
0.5230085807009676 -2.86333730427184
0.5206067825948799 -2.872313283282097
-0.5230085807009673 -2.86333730427184
-0.5253679338548726 -2.854361325261584
0.5230085807009676 -2.86333730427184
0.5253679338548728 -2.854361325261584
-0.5253679338548726 -2.854361325261583
-0.5278036630061955 -2.845385346251327
0.5253679338548728 -2.854361325261583
0.5278036630061957 -2.845385346251327
-0.530304749472037 -2.836409367241071
-0.5295827616051365 -2.839027388154747
-0.5278036630061955 -2.845385346251327
-0.5295827616051367 -2.839027388154747
0.5278036630061957 -2.845385346251327
0.5295827616051365 -2.839027388154749
0.5303047494720373 -2.836409367241071
0.5295827616051363 -2.839027388154749
-0.530304749472037 -2.83640936724107
-0.5328542520171596 -2.827433388230814
0.5303047494720373 -2.83640936724107
0.5328542520171599 -2.827433388230814
-0.5328542520171596 -2.827433388230814
-0.5354793885021898 -2.818457409220557
0.5328542520171599 -2.827433388230814
0.53547938850219 -2.818457409220557
-0.5385587406153933 -2.809481430210301
-0.5385587406153933 -2.809481430210301
-0.5354793885021898 -2.818457409220557
-0.5385587406153931 -2.809481430210301
-0.5385587406153931 -2.809481430210301
0.53547938850219 -2.818457409220557
0.5385587406153929 -2.809481430210301
0.5385587406153929 -2.809481430210301
0.5385587406153927 -2.809481430210301
0.5385587406153927 -2.809481430210301
-0.5385587406153933 -2.809481430210301
-0.5409213969655164 -2.800505451200044
-0.5385587406153933 -2.809481430210301
-0.5385587406153931 -2.809481430210301
-0.5385587406153931 -2.809481430210301
0.5385587406153929 -2.809481430210301
0.5385587406153929 -2.809481430210301
0.5385587406153927 -2.809481430210301
0.5409213969655162 -2.800505451200044
0.5385587406153927 -2.809481430210301
-0.5409213969655164 -2.800505451200044
-0.5437318003160004 -2.791529472189788
0.5409213969655162 -2.800505451200044
0.5437318003160002 -2.791529472189788
-0.5437318003160004 -2.791529472189787
-0.5466173184691799 -2.782553493179531
0.5437318003160002 -2.791529472189787
0.5466173184691796 -2.782553493179531
-0.5495482514288585 -2.773577514169275
-0.5475347196256497 -2.779770505897107
-0.5466173184691799 -2.782553493179531
-0.5475347196256499 -2.779770505897107
0.5466173184691796 -2.782553493179531
0.5475347196256493 -2.779770505897109
0.5495482514288588 -2.773577514169275
0.5475347196256495 -2.779770505897109
-0.5495482514288585 -2.773577514169275
-0.5525401182492117 -2.764601535159018
0.5495482514288588 -2.773577514169275
0.5525401182492119 -2.764601535159018
-0.5525401182492117 -2.764601535159018
-0.5556064936712537 -2.755625556148761
0.5525401182492119 -2.764601535159018
0.5556064936712539 -2.755625556148761
-0.558715505923856 -2.746649577138505
-0.5565106986359065 -2.753039835870237
-0.5556064936712537 -2.755625556148761
-0.5565106986359063 -2.753039835870237
0.5556064936712539 -2.755625556148761
0.5565106986359061 -2.753039835870239
0.5587155059238558 -2.746649577138505
0.5565106986359059 -2.753039835870239
-0.558715505923856 -2.746649577138505
-0.5618853488799774 -2.737673598128248
0.5587155059238558 -2.746649577138505
0.5618853488799773 -2.737673598128248
-0.5654866776461629 -2.728697619117992
-0.5654866776461629 -2.728697619117992
-0.5618853488799774 -2.737673598128248
-0.5654866776461631 -2.728697619117992
-0.5654866776461631 -2.728697619117992
0.5618853488799773 -2.737673598128248
0.5654866776461625 -2.728697619117992
0.5654866776461625 -2.728697619117992
0.5654866776461627 -2.728697619117992
0.5654866776461627 -2.728697619117992
-0.5654866776461629 -2.728697619117992
-0.5684055198023513 -2.719721640107736
-0.5654866776461629 -2.728697619117992
-0.5654866776461631 -2.728697619117992
-0.5654866776461631 -2.728697619117992
0.5654866776461625 -2.728697619117992
0.5654866776461625 -2.728697619117992
0.5654866776461627 -2.728697619117992
0.5684055198023517 -2.719721640107736
0.5654866776461627 -2.728697619117992
-0.5684055198023513 -2.719721640107735
-0.5717501482065703 -2.710745661097479
0.5684055198023517 -2.719721640107735
0.5717501482065707 -2.710745661097479
-0.5751585278256378 -2.701769682087222
-0.5744626566564193 -2.703620935605632
-0.5717501482065703 -2.710745661097479
-0.5744626566564195 -2.703620935605632
0.5717501482065707 -2.710745661097479
0.5744626566564193 -2.703620935605633
0.575158527825638 -2.701769682087222
0.574462656656419 -2.703620935605633
-0.5751585278256378 -2.701769682087222
-0.5786021951200033 -2.692793703076966
0.575158527825638 -2.701769682087222
0.5786021951200034 -2.692793703076966
-0.5786021951200033 -2.692793703076966
-0.5821186969514147 -2.683817724066709
0.5786021951200034 -2.692793703076966
0.5821186969514149 -2.683817724066709
-0.5856775740639437 -2.674841745056453
-0.5834386356666761 -2.680514624957426
-0.5821186969514147 -2.683817724066709
-0.5834386356666759 -2.680514624957426
0.5821186969514149 -2.683817724066709
0.5834386356666756 -2.680514624957427
0.5856775740639434 -2.674841745056453
0.5834386356666754 -2.680514624957427
-0.5856775740639437 -2.674841745056452
-0.5892908619193971 -2.665865766046196
0.5856775740639434 -2.674841745056452
0.5892908619193968 -2.665865766046196
-0.5924146146769325 -2.65688978703594
-0.5924146146769325 -2.65688978703594
-0.5892908619193971 -2.665865766046196
-0.5924146146769327 -2.65688978703594
-0.5924146146769327 -2.65688978703594
0.5892908619193968 -2.665865766046196
0.592414614676932 -2.65688978703594
0.592414614676932 -2.65688978703594
0.5924146146769322 -2.65688978703594
0.5924146146769322 -2.65688978703594
-0.5924146146769325 -2.656889787035939
-0.5966777172412165 -2.647913808025683
-0.5924146146769325 -2.656889787035939
-0.5924146146769327 -2.656889787035939
-0.5924146146769327 -2.656889787035939
0.592414614676932 -2.656889787035939
0.592414614676932 -2.656889787035939
0.5924146146769322 -2.656889787035939
0.5966777172412167 -2.647913808025683
0.5924146146769322 -2.656889787035939
-0.5966777172412165 -2.647913808025683
-0.6004581736861081 -2.638937829015426
0.5966777172412167 -2.647913808025683
0.6004581736861083 -2.638937829015426
-0.6042727682592502 -2.62996185000517
-0.6013905936871893 -2.636763271318762
-0.6004581736861081 -2.638937829015426
-0.6013905936871891 -2.636763271318762
0.6004581736861083 -2.638937829015426
0.6013905936871888 -2.636763271318763
0.60427276825925 -2.62996185000517
0.6013905936871886 -2.636763271318763
-0.6042727682592502 -2.62996185000517
-0.6081466045645619 -2.620985870994913
0.60427276825925 -2.62996185000517
0.6081466045645617 -2.620985870994913
-0.6120700109538159 -2.612009891984657
-0.6103665726974457 -2.615932390699653
-0.6081466045645619 -2.620985870994913
-0.6103665726974459 -2.615932390699653
0.6081466045645617 -2.620985870994913
0.6103665726974452 -2.615932390699653
0.6120700109538161 -2.612009891984657
0.6103665726974454 -2.615932390699653
-0.6120700109538159 -2.612009891984656
-0.6160359812290601 -2.6030339129744
0.6120700109538161 -2.612009891984656
0.6160359812290604 -2.6030339129744
-0.6200638977814541 -2.594057933964144
-0.619342551707702 -2.595680256215105
-0.6160359812290601 -2.6030339129744
-0.6193425517077022 -2.595680256215105
0.6160359812290604 -2.6030339129744
0.619342551707702 -2.595680256215107
0.6200638977814544 -2.594057933964144
0.6193425517077018 -2.595680256215107
-0.6200638977814541 -2.594057933964144
-0.6241208557964032 -2.585081954953887
0.6200638977814544 -2.594057933964144
0.6241208557964034 -2.585081954953887
-0.6283185307179588 -2.57610597594363
-0.6283185307179588 -2.57610597594363
-0.6241208557964032 -2.585081954953887
-0.6283185307179586 -2.57610597594363
-0.6283185307179586 -2.57610597594363
0.6241208557964034 -2.585081954953887
0.6283185307179584 -2.57610597594363
0.6283185307179584 -2.57610597594363
0.6283185307179582 -2.57610597594363
0.6283185307179582 -2.57610597594363
-0.6283185307179588 -2.57610597594363
-0.6323962001918998 -2.567129996933374
-0.6283185307179588 -2.57610597594363
-0.6283185307179586 -2.57610597594363
-0.6283185307179586 -2.57610597594363
0.6283185307179584 -2.57610597594363
0.6283185307179584 -2.57610597594363
0.6283185307179582 -2.57610597594363
0.6323962001918996 -2.567129996933374
0.6283185307179582 -2.57610597594363
-0.6323962001918998 -2.567129996933374
-0.6366133018924128 -2.558154017923117
0.6323962001918996 -2.567129996933374
0.6366133018924126 -2.558154017923117
-0.640857377887229 -2.549178038912861
-0.6372945097282152 -2.556726112659852
-0.6366133018924128 -2.558154017923117
-0.6372945097282154 -2.556726112659852
0.6366133018924126 -2.558154017923117
0.6372945097282148 -2.556726112659852
0.6408573778872291 -2.549178038912861
0.637294509728215 -2.556726112659852
-0.640857377887229 -2.549178038912861
-0.6451630569186935 -2.540202059902605
0.6408573778872291 -2.549178038912861
0.6451630569186936 -2.540202059902605
-0.6495001179725757 -2.531226080892348
-0.646270488738472 -2.537927757466519
-0.6451630569186935 -2.540202059902604
-0.6462704887384718 -2.537927757466519
0.6451630569186936 -2.540202059902604
0.6462704887384716 -2.53792775746652
0.6495001179725752 -2.531226080892348
0.6462704887384714 -2.53792775746652
-0.6495001179725757 -2.531226080892348
-0.6538935233137193 -2.522250101882091
0.6495001179725752 -2.531226080892348
0.653893523313719 -2.522250101882091
-0.6583204913374102 -2.513274122871834
-0.6552464677487284 -2.519526109311259
-0.6538935233137193 -2.522250101882091
-0.6552464677487286 -2.519526109311259
0.653893523313719 -2.522250101882091
0.655246467748728 -2.51952610931126
0.6583204913374106 -2.513274122871834
0.6552464677487282 -2.51952610931126
-0.6583204913374102 -2.513274122871834
-0.6628008508765574 -2.504298143861578
0.6583204913374106 -2.513274122871834
0.6628008508765576 -2.504298143861578
-0.6673148887582957 -2.495322164851322
-0.6642224467589848 -2.501490375057432
-0.6628008508765574 -2.504298143861578
-0.664222446758985 -2.501490375057432
0.6628008508765576 -2.504298143861578
0.6642224467589848 -2.501490375057433
0.6673148887582959 -2.495322164851322
0.6642224467589846 -2.501490375057433
-0.6673148887582957 -2.495322164851321
-0.6718815052114419 -2.486346185841065
0.6673148887582959 -2.495322164851321
0.6718815052114421 -2.486346185841065
-0.6764800007131817 -2.477370206830809
-0.6731984257692416 -2.483793182381137
-0.6718815052114419 -2.486346185841065
-0.6731984257692414 -2.483793182381137
0.6718815052114421 -2.486346185841065
0.6731984257692412 -2.483793182381138
0.6764800007131815 -2.477370206830809
0.6731984257692409 -2.483793182381138
-0.6764800007131817 -2.477370206830808
-0.6811322477921755 -2.468394227820552
0.6764800007131815 -2.477370206830808
0.6811322477921752 -2.468394227820552
-0.685812798760289 -2.459418248810295
-0.682174404779498 -2.466410128264288
-0.6811322477921755 -2.468394227820552
-0.6821744047794982 -2.466410128264288
0.6811322477921752 -2.468394227820552
0.6821744047794975 -2.466410128264289
0.6858127987602892 -2.459418248810295
0.6821744047794978 -2.466410128264289
-0.6911503837897548 -2.450442269800039
-0.6911503837897548 -2.450442269800039
-0.685812798760289 -2.459418248810295
-0.6911503837897546 -2.450442269800039
-0.6911503837897546 -2.450442269800039
0.6858127987602892 -2.459418248810295
0.6911503837897544 -2.450442269800039
0.6911503837897544 -2.450442269800039
0.6911503837897541 -2.450442269800039
0.6911503837897541 -2.450442269800039
-0.6911503837897548 -2.450442269800039
-0.6953105183361111 -2.441466290789782
-0.6911503837897548 -2.450442269800039
-0.6911503837897546 -2.450442269800039
-0.6911503837897546 -2.450442269800039
0.6911503837897544 -2.450442269800039
0.6911503837897544 -2.450442269800039
0.6911503837897541 -2.450442269800039
0.695310518336111 -2.441466290789782
0.6911503837897541 -2.450442269800039
-0.7001263628000112 -2.432490311779526
-0.7001263628000112 -2.432490311779526
-0.6953105183361111 -2.441466290789782
-0.7001263628000114 -2.432490311779526
-0.7001263628000114 -2.432490311779526
0.695310518336111 -2.441466290789782
0.7001263628000107 -2.432490311779526
0.7001263628000107 -2.432490311779526
0.7001263628000109 -2.432490311779526
0.7001263628000109 -2.432490311779526
-0.7001263628000112 -2.432490311779525
-0.7049706428415893 -2.423514332769269
-0.7001263628000112 -2.432490311779525
-0.7001263628000114 -2.432490311779525
-0.7001263628000114 -2.432490311779525
0.7001263628000107 -2.432490311779525
0.7001263628000107 -2.432490311779525
0.7001263628000109 -2.432490311779525
0.7049706428415895 -2.423514332769269
0.7001263628000109 -2.432490311779525
-0.7098686222518119 -2.414538353759013
-0.7091023418102675 -2.415952890245726
-0.7049706428415893 -2.423514332769269
-0.7091023418102678 -2.415952890245726
0.7049706428415895 -2.423514332769269
0.7091023418102675 -2.415952890245727
0.7098686222518121 -2.414538353759013
0.7091023418102673 -2.415952890245727
-0.7098686222518119 -2.414538353759013
-0.7147908888984176 -2.405562374748756
0.7098686222518121 -2.414538353759013
0.7147908888984178 -2.405562374748756
-0.7197632930077961 -2.396586395738499
-0.7180783208205244 -2.399644960485105
-0.7147908888984176 -2.405562374748756
-0.7180783208205241 -2.399644960485105
0.7147908888984178 -2.405562374748756
0.7180783208205239 -2.399644960485105
0.7197632930077958 -2.396586395738499
0.7180783208205237 -2.399644960485105
-0.7197632930077961 -2.396586395738499
-0.724769192668829 -2.387610416728243
0.7197632930077958 -2.396586395738499
0.7247691926688288 -2.387610416728243
-0.7298144520821462 -2.378634437717986
-0.7270542998307807 -2.383563178605289
-0.724769192668829 -2.387610416728243
-0.727054299830781 -2.383563178605289
0.7247691926688288 -2.387610416728243
0.7270542998307803 -2.38356317860529
0.7298144520821466 -2.378634437717986
0.7270542998307805 -2.38356317860529
-0.7298144520821462 -2.378634437717986
-0.7349036971423736 -2.36965845870773
0.7298144520821466 -2.378634437717986
0.7349036971423739 -2.36965845870773
-0.7400203870580898 -2.360682479697473
-0.7360302788410376 -2.367694375014409
-0.7349036971423736 -2.36965845870773
-0.7360302788410373 -2.367694375014409
0.7349036971423739 -2.36965845870773
0.7360302788410371 -2.36769437501441
0.7400203870580896 -2.360682479697473
0.7360302788410369 -2.36769437501441
-0.7450062578512939 -2.351706500687217
-0.7450062578512939 -2.351706500687217
-0.7400203870580898 -2.360682479697473
-0.7450062578512942 -2.351706500687217
-0.7450062578512942 -2.351706500687217
0.7400203870580896 -2.360682479697473
0.7450062578512935 -2.351706500687217
0.7450062578512935 -2.351706500687217
0.7450062578512937 -2.351706500687217
0.7450062578512937 -2.351706500687217
-0.7450062578512939 -2.351706500687217
-0.7503795719828631 -2.34273052167696
-0.7450062578512939 -2.351706500687217
-0.7450062578512942 -2.351706500687217
-0.7450062578512942 -2.351706500687217
0.7450062578512935 -2.351706500687217
0.7450062578512935 -2.351706500687217
0.7450062578512937 -2.351706500687217
0.7503795719828633 -2.34273052167696
0.7450062578512937 -2.351706500687217
-0.7556191227633693 -2.333754542666703
-0.7539822368615503 -2.336573275970077
-0.7503795719828631 -2.34273052167696
-0.7539822368615505 -2.336573275970077
0.7503795719828633 -2.34273052167696
0.7539822368615503 -2.336573275970078
0.7556191227633695 -2.333754542666703
0.7539822368615501 -2.336573275970078
-0.7556191227633693 -2.333754542666703
-0.7608906569537337 -2.324778563656447
0.7556191227633695 -2.333754542666703
0.7608906569537339 -2.324778563656447
-0.7661981435606314 -2.315802584646191
-0.7629582158718071 -2.321297542430728
-0.7608906569537337 -2.324778563656447
-0.7629582158718069 -2.321297542430728
0.7608906569537339 -2.324778563656447
0.7629582158718067 -2.321297542430729
0.7661981435606312 -2.315802584646191
0.7629582158718065 -2.321297542430729
-0.7719341948820635 -2.306826605635934
-0.7719341948820635 -2.306826605635934
-0.7661981435606314 -2.31580258464619
-0.7719341948820637 -2.306826605635934
-0.7719341948820637 -2.306826605635934
0.7661981435606312 -2.31580258464619
0.7719341948820631 -2.306826605635934
0.7719341948820631 -2.306826605635934
0.7719341948820633 -2.306826605635934
0.7719341948820633 -2.306826605635934
-0.7719341948820635 -2.306826605635934
-0.776926928421628 -2.297850626625678
-0.7719341948820635 -2.306826605635934
-0.7719341948820637 -2.306826605635934
-0.7719341948820637 -2.306826605635934
0.7719341948820631 -2.306826605635934
0.7719341948820631 -2.306826605635934
0.7719341948820633 -2.306826605635934
0.776926928421628 -2.297850626625678
0.7719341948820633 -2.306826605635934
-0.7823508423870058 -2.288874647615421
-0.7809101738923203 -2.291270943428264
-0.776926928421628 -2.297850626625677
-0.7809101738923201 -2.291270943428264
0.776926928421628 -2.297850626625677
0.7809101738923199 -2.291270943428265
0.7823508423870055 -2.288874647615421
0.7809101738923196 -2.291270943428265
-0.7823508423870058 -2.288874647615421
-0.7878045599019713 -2.279898668605164
0.7823508423870055 -2.288874647615421
0.7878045599019711 -2.279898668605164
-0.7932938042062817 -2.270922689594908
-0.7898861529025767 -2.276509055568682
-0.7878045599019713 -2.279898668605164
-0.7898861529025769 -2.276509055568682
0.7878045599019711 -2.279898668605164
0.7898861529025762 -2.276509055568683
0.7932938042062819 -2.270922689594908
0.7898861529025765 -2.276509055568683
-0.7988621319128331 -2.261946710584651
-0.7988621319128331 -2.261946710584651
-0.7932938042062817 -2.270922689594908
-0.7988621319128333 -2.261946710584651
-0.7988621319128333 -2.261946710584651
0.7932938042062819 -2.270922689594908
0.7988621319128331 -2.261946710584651
0.7988621319128331 -2.261946710584651
0.7988621319128328 -2.261946710584651
0.7988621319128328 -2.261946710584651
-0.7988621319128331 -2.261946710584651
-0.8043841714812797 -2.252970731574395
-0.7988621319128331 -2.261946710584651
-0.7988621319128333 -2.261946710584651
-0.7988621319128333 -2.261946710584651
0.7988621319128331 -2.261946710584651
0.7988621319128331 -2.261946710584651
0.7988621319128328 -2.261946710584651
0.8043841714812799 -2.252970731574395
0.7988621319128328 -2.261946710584651
-0.8099848952829518 -2.243994752564138
-0.8078381109230899 -2.247448762783802
-0.8043841714812797 -2.252970731574394
-0.8078381109230897 -2.247448762783802
0.8043841714812799 -2.252970731574394
0.8078381109230894 -2.247448762783803
0.8099848952829516 -2.243994752564138
0.8078381109230892 -2.247448762783803
-0.8099848952829518 -2.243994752564138
-0.8156213976457333 -2.235018773553882
0.8099848952829516 -2.243994752564138
0.8156213976457332 -2.235018773553882
-0.8212856029809465 -2.226042794543625
-0.8168140899333463 -2.233137893366462
-0.8156213976457333 -2.235018773553882
-0.8168140899333465 -2.233137893366462
0.8156213976457332 -2.235018773553882
0.8168140899333458 -2.233137893366463
0.8212856029809469 -2.226042794543625
0.816814089933346 -2.233137893366463
-0.8269950417837433 -2.217066815533368
-0.8257900689436031 -2.218970141237085
-0.8212856029809465 -2.226042794543625
-0.8257900689436029 -2.218970141237085
0.8212856029809469 -2.226042794543625
0.8257900689436026 -2.218970141237086
0.8269950417837431 -2.217066815533368
0.8257900689436024 -2.218970141237086
-0.8269950417837433 -2.217066815533368
-0.8327323245063496 -2.208090836523112
0.8269950417837431 -2.217066815533368
0.8327323245063494 -2.208090836523112
-0.838504328112161 -2.199114857512855
-0.8347660479538594 -2.204940064217435
-0.8327323245063496 -2.208090836523112
-0.8347660479538597 -2.204940064217435
0.8327323245063494 -2.208090836523112
0.834766047953859 -2.204940064217435
0.8385043281121612 -2.199114857512855
0.8347660479538592 -2.204940064217435
-0.844320197234808 -2.190138878502599
-0.8437420269641158 -2.191035732370436
-0.838504328112161 -2.199114857512855
-0.843742026964116 -2.191035732370436
0.8385043281121612 -2.199114857512855
0.8437420269641158 -2.191035732370437
0.8443201972348082 -2.190138878502599
0.8437420269641156 -2.191035732370437
-0.844320197234808 -2.190138878502599
-0.8501591177911915 -2.181162899492342
0.8443201972348082 -2.190138878502599
0.8501591177911917 -2.181162899492342
-0.8560368763824645 -2.172186920482086
-0.8527180059743726 -2.177267193418141
-0.8501591177911915 -2.181162899492342
-0.8527180059743724 -2.177267193418141
0.8501591177911917 -2.181162899492342
0.8527180059743722 -2.177267193418142
0.8560368763824643 -2.172186920482086
0.852718005974372 -2.177267193418142
-0.861693984984629 -2.163210941471829
-0.861693984984629 -2.163210941471829
-0.8560368763824645 -2.172186920482086
-0.8616939849846292 -2.163210941471829
-0.8616939849846292 -2.163210941471829
0.8560368763824643 -2.172186920482086
0.8616939849846286 -2.163210941471829
0.8616939849846286 -2.163210941471829
0.8616939849846288 -2.163210941471829
0.8616939849846288 -2.163210941471829
-0.861693984984629 -2.163210941471829
-0.8678988533530115 -2.154234962461572
-0.861693984984629 -2.163210941471829
-0.8616939849846292 -2.163210941471829
-0.8616939849846292 -2.163210941471829
0.8616939849846286 -2.163210941471829
0.8616939849846286 -2.163210941471829
0.8616939849846288 -2.163210941471829
0.8678988533530118 -2.154234962461572
0.8616939849846288 -2.163210941471829
-0.8738807379087894 -2.145258983451316
-0.8706699639948858 -2.150088209348518
-0.8678988533530115 -2.154234962461572
-0.8706699639948856 -2.150088209348518
0.8678988533530118 -2.154234962461572
0.8706699639948854 -2.150088209348519
0.8738807379087894 -2.145258983451316
0.8706699639948852 -2.150088209348519
-0.8796459430051422 -2.13628300444106
-0.8796459430051422 -2.13628300444106
-0.8738807379087894 -2.145258983451316
-0.8796459430051424 -2.13628300444106
-0.8796459430051424 -2.13628300444106
0.8738807379087894 -2.145258983451316
0.8796459430051418 -2.13628300444106
0.8796459430051418 -2.13628300444106
0.8796459430051415 -2.13628300444106
0.8796459430051415 -2.13628300444106
-0.8796459430051422 -2.13628300444106
-0.885949519640327 -2.127307025430803
-0.8796459430051422 -2.13628300444106
-0.8796459430051424 -2.13628300444106
-0.8796459430051424 -2.13628300444106
0.8796459430051418 -2.13628300444106
0.8796459430051418 -2.13628300444106
0.8796459430051415 -2.13628300444106
0.8859495196403273 -2.127307025430803
0.8796459430051415 -2.13628300444106
-0.8920342791514866 -2.118331046420546
-0.8886219220153986 -2.123375339932704
-0.885949519640327 -2.127307025430803
-0.8886219220153988 -2.123375339932704
0.8859495196403273 -2.127307025430803
0.8886219220153981 -2.123375339932705
0.8920342791514865 -2.118331046420546
0.8886219220153979 -2.123375339932705
-0.8981598989602596 -2.10935506741029
-0.8975979010256554 -2.110182028112519
-0.8920342791514866 -2.118331046420546
-0.8975979010256552 -2.110182028112519
0.8920342791514865 -2.118331046420546
0.8975979010256545 -2.110182028112519
0.8981598989602594 -2.10935506741029
0.8975979010256552 -2.110182028112519
-0.8981598989602596 -2.10935506741029
-0.9043099384827972 -2.100379088400033
0.8981598989602594 -2.10935506741029
0.9043099384827973 -2.100379088400033
-0.9104966679202652 -2.091403109389777
-0.9065738800359118 -2.097103703016254
-0.9043099384827972 -2.100379088400033
-0.906573880035912 -2.097103703016254
0.9043099384827973 -2.100379088400033
0.9065738800359118 -2.097103703016255
0.9104966679202654 -2.091403109389777
0.9065738800359116 -2.097103703016255
-0.9167235711497683 -2.082427130379521
-0.9155498590461686 -2.084124915611252
-0.9104966679202652 -2.091403109389777
-0.9155498590461684 -2.084124915611252
0.9104966679202654 -2.091403109389777
0.9155498590461681 -2.084124915611253
0.9167235711497681 -2.082427130379521
0.9155498590461679 -2.084124915611253
-0.9167235711497683 -2.08242713037952
-0.9229796943598936 -2.073451151369264
0.9167235711497681 -2.08242713037952
0.9229796943598937 -2.073451151369264
-0.9292678062426918 -2.064475172359007
-0.924525838056425 -2.071250960273448
-0.9229796943598936 -2.073451151369263
-0.9245258380564252 -2.071250960273448
0.9229796943598937 -2.073451151369263
0.9245258380564245 -2.071250960273449
0.929267806242692 -2.064475172359007
0.9245258380564243 -2.071250960273449
-0.935595541949788 -2.055499193348751
-0.9335018170666813 -2.058477080359392
-0.9292678062426918 -2.064475172359007
-0.9335018170666816 -2.058477080359392
0.929267806242692 -2.064475172359007
0.9335018170666809 -2.058477080359394
0.935595541949788 -2.055499193348751
0.9335018170666807 -2.058477080359394
-0.9424777960769382 -2.046523214338494
-0.9424777960769382 -2.046523214338494
-0.935595541949788 -2.055499193348751
-0.9424777960769379 -2.046523214338494
-0.9424777960769379 -2.046523214338494
0.935595541949788 -2.055499193348751
0.9424777960769373 -2.046523214338494
0.9424777960769373 -2.046523214338494
0.9424777960769379 -2.046523214338494
0.9424777960769379 -2.046523214338494
-0.9424777960769382 -2.046523214338494
-0.9483482698834774 -2.037547235328238
-0.9424777960769382 -2.046523214338494
-0.9424777960769379 -2.046523214338494
-0.9424777960769379 -2.046523214338494
0.9424777960769373 -2.046523214338494
0.9424777960769373 -2.046523214338494
0.9424777960769379 -2.046523214338494
0.9483482698834775 -2.037547235328238
0.9424777960769379 -2.046523214338494
-0.9547766687907349 -2.028571256317981
-0.9514537750871945 -2.033219245962453
-0.9483482698834774 -2.037547235328237
-0.9514537750871948 -2.033219245962453
0.9483482698834775 -2.037547235328237
0.9514537750871945 -2.033219245962453
0.9547766687907351 -2.028571256317981
0.9514537750871943 -2.033219245962453
-0.9612438657189143 -2.019595277307724
-0.9604297540974513 -2.020728695409467
-0.9547766687907349 -2.028571256317981
-0.9604297540974511 -2.020728695409467
0.9547766687907351 -2.028571256317981
0.9604297540974509 -2.020728695409468
0.9612438657189142 -2.019595277307724
0.9604297540974507 -2.020728695409468
-0.9612438657189143 -2.019595277307724
-0.9677392534660448 -2.010619298297468
0.9612438657189142 -2.019595277307724
0.9677392534660449 -2.010619298297468
-0.9742684063476234 -2.001643319287211
-0.9694057331077077 -2.008334050185656
-0.9677392534660448 -2.010619298297468
-0.9694057331077079 -2.008334050185656
0.9677392534660449 -2.010619298297468
0.9694057331077073 -2.008334050185657
0.9742684063476236 -2.001643319287211
0.9694057331077071 -2.008334050185657
-0.9808361027802143 -1.992667340276955
-0.9783817121179641 -1.996028523735377
-0.9742684063476234 -2.001643319287211
-0.9783817121179643 -1.996028523735377
0.9742684063476236 -2.001643319287211
0.9783817121179637 -1.996028523735378
0.9808361027802143 -1.992667340276955
0.9783817121179634 -1.996028523735378
-0.9873576911282209 -1.983691361266698
-0.9873576911282209 -1.983691361266698
-0.9808361027802143 -1.992667340276955
-0.9873576911282207 -1.983691361266698
-0.9873576911282207 -1.983691361266698
0.9808361027802143 -1.992667340276955
0.98735769112822 -1.983691361266698
0.98735769112822 -1.983691361266698
0.9873576911282207 -1.983691361266698
0.9873576911282207 -1.983691361266698
-0.9873576911282209 -1.983691361266698
-0.9940727584003288 -1.974715382256441
-0.9873576911282209 -1.983691361266698
-0.9873576911282207 -1.983691361266698
-0.9873576911282207 -1.983691361266698
0.98735769112822 -1.983691361266698
0.98735769112822 -1.983691361266698
0.9873576911282207 -1.983691361266698
0.9940727584003289 -1.974715382256441
0.9873576911282207 -1.983691361266698
-1.000741390195154 -1.965739403246185
-0.9963336701384773 -1.971678120882149
-0.9940727584003288 -1.974715382256441
-0.9963336701384775 -1.971678120882149
0.9940727584003289 -1.974715382256441
0.9963336701384773 -1.97167812088215
1.000741390195154 -1.965739403246185
0.9963336701384771 -1.97167812088215
-1.007448139571535 -1.956763424235928
-1.005309649148734 -1.959630963573475
-1.000741390195154 -1.965739403246185
-1.005309649148734 -1.959630963573475
1.000741390195154 -1.965739403246185
1.005309649148734 -1.959630963573475
1.007448139571535 -1.956763424235928
1.005309649148733 -1.959630963573475
-1.01428562815899 -1.947787445225672
-1.01428562815899 -1.947787445225672
-1.007448139571535 -1.956763424235928
-1.014285628158991 -1.947787445225672
-1.014285628158991 -1.947787445225672
1.007448139571535 -1.956763424235928
1.01428562815899 -1.947787445225672
1.01428562815899 -1.947787445225672
1.01428562815899 -1.947787445225672
1.01428562815899 -1.947787445225672
-1.01428562815899 -1.947787445225672
-1.020962451726333 -1.938811466215415
-1.01428562815899 -1.947787445225672
-1.014285628158991 -1.947787445225672
-1.014285628158991 -1.947787445225672
1.01428562815899 -1.947787445225672
1.01428562815899 -1.947787445225672
1.01428562815899 -1.947787445225672
1.020962451726333 -1.938811466215415
1.01428562815899 -1.947787445225672
-1.027770779736445 -1.929835487205159
-1.023261607169247 -1.935785387407965
-1.020962451726333 -1.938811466215415
-1.023261607169247 -1.935785387407965
1.020962451726333 -1.938811466215415
1.023261607169246 -1.935785387407966
1.027770779736445 -1.929835487205159
1.023261607169246 -1.935785387407966
-1.034617007083217 -1.920859508194902
-1.032237586179504 -1.923984028661207
-1.027770779736445 -1.929835487205159
-1.032237586179503 -1.923984028661207
1.027770779736445 -1.929835487205159
1.032237586179503 -1.923984028661207
1.034617007083217 -1.920859508194902
1.032237586179503 -1.923984028661207
-1.04121356518976 -1.911883529184646
-1.04121356518976 -1.911883529184646
-1.034617007083217 -1.920859508194902
-1.04121356518976 -1.911883529184646
-1.04121356518976 -1.911883529184646
1.034617007083217 -1.920859508194902
1.04121356518976 -1.911883529184646
1.04121356518976 -1.911883529184646
1.04121356518976 -1.911883529184646
1.04121356518976 -1.911883529184646
-1.04121356518976 -1.911883529184646
-1.048413303985378 -1.902907550174389
-1.04121356518976 -1.911883529184646
-1.04121356518976 -1.911883529184646
-1.04121356518976 -1.911883529184646
1.04121356518976 -1.911883529184646
1.04121356518976 -1.911883529184646
1.04121356518976 -1.911883529184646
1.048413303985378 -1.902907550174389
1.04121356518976 -1.911883529184646
-1.055362169476114 -1.893931571164132
-1.050189544200017 -1.900616791815855
-1.048413303985378 -1.902907550174389
-1.050189544200017 -1.900616791815855
1.048413303985378 -1.902907550174389
1.050189544200016 -1.900616791815856
1.055362169476114 -1.893931571164132
1.050189544200016 -1.900616791815856
-1.062348904410562 -1.884955592153876
-1.059165523210273 -1.889049812523825
-1.055362169476114 -1.893931571164132
-1.059165523210273 -1.889049812523825
1.055362169476114 -1.893931571164132
1.059165523210273 -1.889049812523826
1.062348904410562 -1.884955592153876
1.059165523210273 -1.889049812523826
-1.069373377426128 -1.875979613143619
-1.06814150222053 -1.877556172501774
-1.062348904410562 -1.884955592153876
-1.06814150222053 -1.877556172501774
1.062348904410562 -1.884955592153876
1.068141502220529 -1.877556172501775
1.069373377426128 -1.875979613143619
1.068141502220529 -1.877556172501775
-1.069373377426128 -1.875979613143619
-1.076432173315254 -1.867003634133363
1.069373377426128 -1.875979613143619
1.076432173315253 -1.867003634133363
-1.083522982008224 -1.858027655123106
-1.077117481230786 -1.866137497036838
-1.076432173315254 -1.867003634133363
-1.077117481230786 -1.866137497036838
1.076432173315253 -1.867003634133363
1.077117481230786 -1.866137497036838
1.083522982008224 -1.858027655123106
1.077117481230786 -1.866137497036838
-1.090651801842558 -1.84905167611285
-1.086093460241043 -1.854794498889165
-1.083522982008224 -1.858027655123106
-1.086093460241043 -1.854794498889165
1.083522982008224 -1.858027655123106
1.086093460241043 -1.854794498889166
1.090651801842559 -1.84905167611285
1.086093460241043 -1.854794498889166
-1.097818554662081 -1.840075697102593
-1.0950694392513 -1.843522013635497
-1.090651801842558 -1.84905167611285
-1.095069439251299 -1.843522013635497
1.090651801842559 -1.84905167611285
1.095069439251299 -1.843522013635498
1.097818554662081 -1.840075697102593
1.095069439251299 -1.843522013635498
-1.105023179195479 -1.831099718092337
-1.104045418261556 -1.832319334787134
-1.097818554662081 -1.840075697102593
-1.104045418261556 -1.832319334787134
1.097818554662081 -1.840075697102593
1.104045418261556 -1.832319334787135
1.105023179195479 -1.831099718092337
1.104045418261555 -1.832319334787135
-1.105023179195479 -1.831099718092337
-1.112262280940967 -1.82212373908208
1.105023179195479 -1.831099718092337
1.112262280940968 -1.82212373908208
-1.119535260096579 -1.813147760071824
-1.113021397271812 -1.821187921303246
-1.112262280940967 -1.82212373908208
-1.113021397271813 -1.821187921303246
1.112262280940968 -1.82212373908208
1.113021397271812 -1.821187921303247
1.119535260096578 -1.813147760071824
1.113021397271812 -1.821187921303247
-1.126846519800705 -1.804171781061567
-1.121997376282069 -1.810127311191205
-1.119535260096579 -1.813147760071824
-1.121997376282069 -1.810127311191205
1.119535260096578 -1.813147760071824
1.121997376282068 -1.810127311191205
1.126846519800705 -1.804171781061567
1.121997376282069 -1.810127311191205
-1.134196046466192 -1.79519580205131
-1.130973355292326 -1.799133925686059
-1.126846519800705 -1.804171781061567
-1.130973355292326 -1.799133925686059
1.126846519800705 -1.804171781061567
1.130973355292326 -1.799133925686059
1.134196046466193 -1.79519580205131
1.130973355292325 -1.799133925686059
-1.141583841708531 -1.786219823041054
-1.139949334302582 -1.788207104025305
-1.134196046466192 -1.79519580205131
-1.139949334302582 -1.788207104025305
1.134196046466193 -1.79519580205131
1.139949334302582 -1.788207104025305
1.141583841708531 -1.786219823041054
1.139949334302582 -1.788207104025305
-1.148925313312839 -1.777243844030797
-1.148925313312839 -1.777243844030797
-1.141583841708531 -1.786219823041054
-1.148925313312839 -1.777243844030797
-1.148925313312839 -1.777243844030797
1.141583841708531 -1.786219823041054
1.148925313312838 -1.777243844030797
1.148925313312838 -1.777243844030797
1.148925313312838 -1.777243844030797
1.148925313312838 -1.777243844030797
-1.148925313312839 -1.777243844030797
-1.156468695916915 -1.768267865020541
-1.148925313312839 -1.777243844030797
-1.148925313312839 -1.777243844030797
-1.148925313312839 -1.777243844030797
1.148925313312838 -1.777243844030797
1.148925313312838 -1.777243844030797
1.148925313312838 -1.777243844030797
1.156468695916915 -1.768267865020541
1.148925313312838 -1.777243844030797
-1.163965927065996 -1.759291886010284
-1.157901292323095 -1.766553619313641
-1.156468695916915 -1.768267865020541
-1.157901292323095 -1.766553619313641
1.156468695916915 -1.768267865020541
1.157901292323095 -1.766553619313642
1.163965927065995 -1.759291886010284
1.157901292323094 -1.766553619313642
-1.171502001617451 -1.750315907000028
-1.166877271333352 -1.755825441330255
-1.163965927065996 -1.759291886010284
-1.166877271333352 -1.755825441330255
1.163965927065995 -1.759291886010284
1.166877271333351 -1.755825441330256
1.171502001617452 -1.750315907000028
1.166877271333352 -1.755825441330256
-1.179076978040049 -1.741339927989771
-1.175853250343608 -1.745160846128875
-1.171502001617451 -1.750315907000028
-1.175853250343608 -1.745160846128875
1.171502001617452 -1.750315907000028
1.175853250343608 -1.745160846128875
1.179076978040049 -1.741339927989771
1.175853250343608 -1.745160846128875
-1.186690928289684 -1.732363948979515
-1.184829229353865 -1.734559220303452
-1.179076978040049 -1.741339927989771
-1.184829229353865 -1.734559220303452
1.179076978040049 -1.741339927989771
1.184829229353865 -1.734559220303453
1.186690928289684 -1.732363948979515
1.184829229353864 -1.734559220303453
-1.194343937506975 -1.723387969969258
-1.193805208364122 -1.724019955993248
-1.186690928289684 -1.732363948979515
-1.193805208364122 -1.724019955993248
1.186690928289684 -1.732363948979515
1.193805208364121 -1.724019955993249
1.194343937506975 -1.723387969969258
1.193805208364121 -1.724019955993249
-1.194343937506975 -1.723387969969258
-1.202033520528807 -1.714411990959001
1.194343937506975 -1.723387969969258
1.202033520528807 -1.714411990959001
-1.20976082371797 -1.705436011948745
-1.202781187374378 -1.713543578913661
-1.202033520528807 -1.714411990959001
-1.202781187374378 -1.713543578913661
1.202033520528807 -1.714411990959001
1.202781187374377 -1.713543578913662
1.209760823717969 -1.705436011948745
1.202781187374377 -1.713543578913662
-1.217527875212035 -1.696460032938488
-1.211757166384634 -1.703128915489449
-1.20976082371797 -1.705436011948745
-1.211757166384635 -1.703128915489449
1.209760823717969 -1.705436011948745
1.211757166384634 -1.703128915489449
1.217527875212035 -1.696460032938488
1.211757166384634 -1.703128915489449
-1.225334797526647 -1.687484053928232
-1.220733145394891 -1.692774519686774
-1.217527875212035 -1.696460032938488
-1.220733145394891 -1.692774519686774
1.217527875212035 -1.696460032938488
1.220733145394891 -1.692774519686774
1.225334797526647 -1.687484053928232
1.220733145394891 -1.692774519686774
-1.233181725279859 -1.678508074917975
-1.229709124405148 -1.682479822743948
-1.225334797526647 -1.687484053928232
-1.229709124405148 -1.682479822743948
1.225334797526647 -1.687484053928232
1.229709124405147 -1.682479822743949
1.233181725279859 -1.678508074917975
1.229709124405147 -1.682479822743949
-1.241068804948953 -1.669532095907719
-1.238685103415404 -1.672244261467096
-1.233181725279859 -1.678508074917975
-1.238685103415404 -1.672244261467096
1.233181725279859 -1.678508074917975
1.238685103415404 -1.672244261467096
1.241068804948953 -1.669532095907719
1.238685103415404 -1.672244261467096
-1.248996194638038 -1.660556116897462
-1.247661082425661 -1.662067278317735
-1.241068804948953 -1.669532095907719
-1.247661082425661 -1.662067278317735
1.241068804948953 -1.669532095907719
1.24766108242566 -1.662067278317737
1.248996194638038 -1.660556116897462
1.24766108242566 -1.662067278317737
-1.256637061435917 -1.651580137887206
-1.256637061435917 -1.651580137887206
-1.248996194638038 -1.660556116897462
-1.256637061435917 -1.651580137887206
-1.256637061435917 -1.651580137887206
1.248996194638038 -1.660556116897462
1.256637061435917 -1.651580137887206
1.256637061435917 -1.651580137887206
1.256637061435917 -1.651580137887206
1.256637061435917 -1.651580137887206
-1.256637061435917 -1.651580137887206
-1.264970779763196 -1.642604158876949
-1.256637061435917 -1.651580137887206
-1.256637061435917 -1.651580137887206
-1.256637061435917 -1.651580137887206
1.256637061435917 -1.651580137887206
1.256637061435917 -1.651580137887206
1.256637061435917 -1.651580137887206
1.264970779763197 -1.642604158876949
1.256637061435917 -1.651580137887206
-1.27301767608584 -1.633628179866693
-1.265613040446174 -1.6418873080454
-1.264970779763196 -1.642604158876949
-1.265613040446174 -1.6418873080454
1.264970779763197 -1.642604158876949
1.265613040446174 -1.641887308045401
1.27301767608584 -1.633628179866693
1.265613040446174 -1.641887308045401
-1.281105898709545 -1.624652200856436
-1.27458901945643 -1.631883294593117
-1.27301767608584 -1.633628179866693
-1.27458901945643 -1.631883294593117
1.27301767608584 -1.633628179866693
1.27458901945643 -1.631883294593117
1.281105898709546 -1.624652200856436
1.27458901945643 -1.631883294593117
-1.289235649176282 -1.615676221846179
-1.283564998466687 -1.621935493993014
-1.281105898709545 -1.624652200856436
-1.283564998466687 -1.621935493993014
1.281105898709546 -1.624652200856436
1.283564998466687 -1.621935493993015
1.289235649176282 -1.615676221846179
1.283564998466686 -1.621935493993015
-1.297407139584213 -1.606700242835923
-1.292540977476944 -1.612043392399501
-1.289235649176282 -1.61567622184618
-1.292540977476944 -1.612043392399501
1.289235649176282 -1.61567622184618
1.292540977476943 -1.612043392399503
1.297407139584213 -1.606700242835923
1.292540977476943 -1.612043392399503
-1.305620592402507 -1.597724263825666
-1.3015169564872 -1.602206481910737
-1.297407139584213 -1.606700242835923
-1.3015169564872 -1.602206481910737
1.297407139584213 -1.606700242835923
1.301516956487199 -1.602206481910737
1.305620592402507 -1.597724263825666
1.3015169564872 -1.602206481910737
-1.313876240293173 -1.58874828481541
-1.310492935497457 -1.592424260668762
-1.305620592402507 -1.597724263825666
-1.310492935497457 -1.592424260668762
1.305620592402507 -1.597724263825666
1.310492935497457 -1.592424260668762
1.313876240293173 -1.58874828481541
1.310492935497456 -1.592424260668762
-1.322174325939494 -1.579772305805153
-1.319468914507713 -1.5826962329596
-1.313876240293173 -1.58874828481541
-1.319468914507713 -1.5826962329596
1.313876240293173 -1.58874828481541
1.319468914507713 -1.582696232959601
1.322174325939494 -1.579772305805153
1.319468914507713 -1.582696232959601
-1.330515101880638 -1.570796326794897
-1.32844489351797 -1.573021909313321
-1.322174325939494 -1.579772305805153
-1.32844489351797 -1.573021909313321
1.322174325939494 -1.579772305805153
1.328444893517969 -1.573021909313322
1.330515101880638 -1.570796326794897
1.328444893517969 -1.573021909313322
-1.338898830352061 -1.56182034778464
-1.337420872528226 -1.56340080660409
-1.330515101880638 -1.570796326794897
-1.337420872528226 -1.56340080660409
1.330515101880638 -1.570796326794897
1.337420872528226 -1.563400806604091
1.338898830352061 -1.56182034778464
1.337420872528226 -1.563400806604091
-1.347325783131316 -1.552844368774384
-1.346396851538483 -1.553832448150231
-1.338898830352061 -1.56182034778464
-1.346396851538483 -1.553832448150231
1.338898830352061 -1.56182034778464
1.346396851538482 -1.553832448150231
1.347325783131316 -1.552844368774384
1.346396851538483 -1.553832448150231
-1.355372830548739 -1.543868389764127
-1.355372830548739 -1.543868389764127
-1.347325783131316 -1.552844368774384
-1.355372830548739 -1.543868389764127
-1.355372830548739 -1.543868389764127
1.347325783131316 -1.552844368774384
1.355372830548739 -1.543868389764127
1.355372830548739 -1.543868389764127
1.355372830548739 -1.543868389764127
1.355372830548739 -1.543868389764127
-1.364348809558996 -1.53489241075387
-1.364348809558996 -1.53489241075387
-1.355372830548739 -1.543868389764127
-1.364348809558996 -1.53489241075387
-1.364348809558996 -1.53489241075387
-1.355372830548739 -1.543868389764127
-1.355372830548739 -1.543868389764127
-1.355372830548739 -1.543868389764127
1.355372830548739 -1.543868389764127
1.355372830548739 -1.543868389764127
1.355372830548739 -1.543868389764127
1.364348809558996 -1.53489241075387
1.355372830548739 -1.543868389764127
1.364348809558996 -1.53489241075387
1.364348809558996 -1.53489241075387
1.364348809558996 -1.53489241075387
-1.373324788569253 -1.525916431743614
-1.373324788569253 -1.525916431743614
-1.364348809558996 -1.53489241075387
-1.373324788569253 -1.525916431743614
-1.373324788569253 -1.525916431743614
-1.364348809558996 -1.53489241075387
-1.364348809558996 -1.53489241075387
-1.364348809558996 -1.53489241075387
1.364348809558996 -1.53489241075387
1.364348809558996 -1.53489241075387
1.364348809558996 -1.53489241075387
1.373324788569252 -1.525916431743614
1.364348809558996 -1.53489241075387
1.373324788569252 -1.525916431743614
1.373324788569252 -1.525916431743614
1.373324788569252 -1.525916431743614
-1.373324788569253 -1.525916431743614
-1.381470177650811 -1.516940452733357
-1.373324788569253 -1.525916431743614
-1.373324788569253 -1.525916431743614
-1.373324788569253 -1.525916431743614
1.373324788569252 -1.525916431743614
1.373324788569252 -1.525916431743614
1.373324788569252 -1.525916431743614
1.381470177650811 -1.516940452733357
1.373324788569252 -1.525916431743614
-1.390117186116907 -1.507964473723101
-1.382300767579509 -1.516076736576745
-1.381470177650811 -1.516940452733357
-1.382300767579509 -1.516076736576745
1.381470177650811 -1.516940452733357
1.382300767579508 -1.516076736576746
1.390117186116907 -1.507964473723101
1.382300767579508 -1.516076736576746
-1.398809366036305 -1.498988494712844
-1.391276746589766 -1.506764922345929
-1.390117186116907 -1.507964473723101
-1.391276746589766 -1.506764922345929
1.390117186116907 -1.507964473723101
1.391276746589765 -1.506764922345929
1.398809366036305 -1.498988494712844
1.391276746589766 -1.506764922345929
-1.407547041079028 -1.490012515702588
-1.400252725600022 -1.497503111098125
-1.398809366036305 -1.498988494712844
-1.400252725600022 -1.497503111098125
1.398809366036305 -1.498988494712844
1.400252725600022 -1.497503111098126
1.407547041079028 -1.490012515702588
1.400252725600022 -1.497503111098126
-1.416330543366402 -1.481036536692331
-1.409228704610279 -1.48829088581057
-1.407547041079028 -1.490012515702588
-1.409228704610279 -1.48829088581057
1.407547041079028 -1.490012515702588
1.409228704610278 -1.48829088581057
1.416330543366402 -1.481036536692331
1.409228704610278 -1.48829088581057
-1.425160213341761 -1.472060557682075
-1.418204683620535 -1.479127836598876
-1.416330543366402 -1.481036536692331
-1.418204683620535 -1.479127836598876
1.416330543366402 -1.481036536692331
1.418204683620535 -1.479127836598877
1.425160213341761 -1.472060557682075
1.418204683620535 -1.479127836598877
-1.434036399643786 -1.463084578671818
-1.427180662630792 -1.470013560829357
-1.425160213341761 -1.472060557682075
-1.427180662630792 -1.470013560829357
1.425160213341761 -1.472060557682075
1.427180662630791 -1.470013560829358
1.434036399643785 -1.463084578671818
1.427180662630791 -1.470013560829358
-1.442959458982239 -1.454108599661561
-1.436156641641048 -1.460947663232228
-1.434036399643786 -1.463084578671818
-1.436156641641049 -1.460947663232228
1.434036399643785 -1.463084578671818
1.436156641641048 -1.460947663232228
1.44295945898224 -1.454108599661561
1.436156641641048 -1.460947663232228
-1.451929756015862 -1.445132620651305
-1.445132620651305 -1.451929756015862
-1.442959458982239 -1.454108599661561
-1.445132620651305 -1.451929756015862
1.44295945898224 -1.454108599661561
1.445132620651305 -1.451929756015862
1.451929756015862 -1.445132620651305
1.445132620651305 -1.451929756015862
-1.460947663232228 -1.436156641641048
-1.454108599661561 -1.442959458982239
-1.451929756015862 -1.445132620651305
-1.454108599661561 -1.442959458982239
1.451929756015862 -1.445132620651305
1.454108599661561 -1.44295945898224
1.460947663232228 -1.436156641641048
1.454108599661561 -1.44295945898224
-1.470013560829357 -1.427180662630792
-1.463084578671818 -1.434036399643786
-1.460947663232228 -1.436156641641049
-1.463084578671818 -1.434036399643786
1.460947663232228 -1.436156641641049
1.463084578671818 -1.434036399643787
1.470013560829357 -1.427180662630792
1.463084578671817 -1.434036399643787
-1.479127836598876 -1.418204683620535
-1.472060557682075 -1.425160213341761
-1.470013560829357 -1.427180662630792
-1.472060557682075 -1.425160213341761
1.470013560829357 -1.427180662630792
1.472060557682074 -1.425160213341762
1.479127836598876 -1.418204683620535
1.472060557682074 -1.425160213341762
-1.48829088581057 -1.409228704610279
-1.481036536692331 -1.416330543366402
-1.479127836598876 -1.418204683620535
-1.481036536692331 -1.416330543366402
1.479127836598876 -1.418204683620535
1.48103653669233 -1.416330543366402
1.48829088581057 -1.409228704610279
1.481036536692331 -1.416330543366402
-1.497503111098125 -1.400252725600022
-1.490012515702588 -1.407547041079028
-1.48829088581057 -1.409228704610279
-1.490012515702588 -1.407547041079028
1.48829088581057 -1.409228704610279
1.490012515702588 -1.407547041079029
1.497503111098126 -1.400252725600022
1.490012515702587 -1.407547041079029
-1.506764922345929 -1.391276746589766
-1.498988494712844 -1.398809366036305
-1.497503111098125 -1.400252725600022
-1.498988494712844 -1.398809366036305
1.497503111098126 -1.400252725600022
1.498988494712844 -1.398809366036305
1.506764922345929 -1.391276746589766
1.498988494712844 -1.398809366036305
-1.516076736576745 -1.382300767579509
-1.507964473723101 -1.390117186116907
-1.506764922345929 -1.391276746589766
-1.507964473723101 -1.390117186116907
1.506764922345929 -1.391276746589766
1.5079644737231 -1.390117186116908
1.516076736576745 -1.382300767579509
1.5079644737231 -1.390117186116908
-1.525916431743614 -1.373324788569253
-1.525916431743614 -1.373324788569253
-1.525916431743614 -1.373324788569253
-1.525916431743614 -1.373324788569253
-1.516940452733357 -1.381470177650811
-1.516076736576745 -1.382300767579509
-1.516940452733357 -1.381470177650811
1.516076736576745 -1.382300767579509
1.516940452733357 -1.381470177650812
1.525916431743613 -1.373324788569253
1.516940452733357 -1.381470177650812
1.525916431743613 -1.373324788569253
1.525916431743614 -1.373324788569253
1.525916431743614 -1.373324788569253
-1.53489241075387 -1.364348809558996
-1.53489241075387 -1.364348809558996
-1.525916431743614 -1.373324788569253
-1.53489241075387 -1.364348809558996
-1.53489241075387 -1.364348809558996
-1.525916431743614 -1.373324788569253
-1.525916431743614 -1.373324788569253
-1.525916431743614 -1.373324788569253
1.525916431743613 -1.373324788569253
1.525916431743613 -1.373324788569253
1.525916431743614 -1.373324788569253
1.53489241075387 -1.364348809558996
1.525916431743614 -1.373324788569253
1.53489241075387 -1.364348809558996
1.53489241075387 -1.364348809558996
1.53489241075387 -1.364348809558996
-1.543868389764127 -1.355372830548739
-1.543868389764127 -1.355372830548739
-1.53489241075387 -1.364348809558996
-1.543868389764127 -1.355372830548739
-1.543868389764127 -1.355372830548739
-1.53489241075387 -1.364348809558996
-1.53489241075387 -1.364348809558996
-1.53489241075387 -1.364348809558996
1.53489241075387 -1.364348809558996
1.53489241075387 -1.364348809558996
1.53489241075387 -1.364348809558996
1.543868389764127 -1.355372830548739
1.53489241075387 -1.364348809558996
1.543868389764127 -1.355372830548739
1.543868389764127 -1.355372830548739
1.543868389764127 -1.355372830548739
-1.553832448150231 -1.346396851538483
-1.552844368774384 -1.347325783131316
-1.543868389764127 -1.355372830548739
-1.552844368774384 -1.347325783131316
-1.543868389764127 -1.355372830548739
-1.543868389764127 -1.355372830548739
-1.543868389764127 -1.355372830548739
1.543868389764127 -1.355372830548739
1.543868389764127 -1.355372830548739
1.543868389764127 -1.355372830548739
1.543868389764127 -1.355372830548739
1.552844368774383 -1.347325783131316
1.553832448150231 -1.346396851538483
1.552844368774383 -1.347325783131316
-1.56340080660409 -1.337420872528226
-1.56182034778464 -1.338898830352061
-1.553832448150231 -1.346396851538483
-1.56182034778464 -1.338898830352061
1.553832448150231 -1.346396851538483
1.56182034778464 -1.338898830352062
1.56340080660409 -1.337420872528226
1.561820347784639 -1.338898830352062
-1.573021909313321 -1.32844489351797
-1.570796326794897 -1.330515101880638
-1.56340080660409 -1.337420872528226
-1.570796326794897 -1.330515101880638
1.56340080660409 -1.337420872528226
1.570796326794896 -1.330515101880638
1.573021909313321 -1.32844489351797
1.570796326794897 -1.330515101880638
-1.5826962329596 -1.319468914507713
-1.579772305805153 -1.322174325939494
-1.573021909313321 -1.32844489351797
-1.579772305805153 -1.322174325939494
1.573021909313321 -1.32844489351797
1.579772305805153 -1.322174325939494
1.5826962329596 -1.319468914507713
1.579772305805153 -1.322174325939494
-1.592424260668762 -1.310492935497457
-1.58874828481541 -1.313876240293173
-1.5826962329596 -1.319468914507713
-1.58874828481541 -1.313876240293173
1.5826962329596 -1.319468914507713
1.58874828481541 -1.313876240293173
1.592424260668762 -1.310492935497457
1.588748284815409 -1.313876240293173
-1.602206481910737 -1.3015169564872
-1.597724263825666 -1.305620592402507
-1.592424260668762 -1.310492935497457
-1.597724263825666 -1.305620592402507
1.592424260668762 -1.310492935497457
1.597724263825666 -1.305620592402508
1.602206481910737 -1.3015169564872
1.597724263825666 -1.305620592402508
-1.612043392399501 -1.292540977476944
-1.606700242835923 -1.297407139584213
-1.602206481910737 -1.3015169564872
-1.606700242835923 -1.297407139584213
1.602206481910737 -1.3015169564872
1.606700242835922 -1.297407139584214
1.612043392399501 -1.292540977476944
1.606700242835922 -1.297407139584214
-1.621935493993014 -1.283564998466687
-1.615676221846179 -1.289235649176282
-1.612043392399501 -1.292540977476944
-1.61567622184618 -1.289235649176282
1.612043392399501 -1.292540977476944
1.615676221846179 -1.289235649176282
1.621935493993014 -1.283564998466687
1.615676221846179 -1.289235649176282
-1.631883294593117 -1.27458901945643
-1.624652200856436 -1.281105898709545
-1.621935493993014 -1.283564998466687
-1.624652200856436 -1.281105898709545
1.621935493993014 -1.283564998466687
1.624652200856436 -1.281105898709546
1.631883294593117 -1.27458901945643
1.624652200856436 -1.281105898709546
-1.6418873080454 -1.265613040446174
-1.633628179866693 -1.27301767608584
-1.631883294593117 -1.27458901945643
-1.633628179866693 -1.27301767608584
1.631883294593117 -1.27458901945643
1.633628179866692 -1.27301767608584
1.641887308045401 -1.265613040446174
1.633628179866692 -1.27301767608584
-1.651580137887206 -1.256637061435917
-1.651580137887206 -1.256637061435917
-1.651580137887206 -1.256637061435917
-1.651580137887206 -1.256637061435917
-1.642604158876949 -1.264970779763196
-1.6418873080454 -1.265613040446174
-1.642604158876949 -1.264970779763196
1.641887308045401 -1.265613040446174
1.642604158876949 -1.264970779763197
1.651580137887205 -1.256637061435917
1.642604158876948 -1.264970779763197
1.651580137887205 -1.256637061435917
1.651580137887205 -1.256637061435917
1.651580137887205 -1.256637061435917
-1.662067278317735 -1.247661082425661
-1.660556116897462 -1.248996194638038
-1.651580137887206 -1.256637061435917
-1.660556116897462 -1.248996194638038
-1.651580137887206 -1.256637061435917
-1.651580137887206 -1.256637061435917
-1.651580137887206 -1.256637061435917
1.651580137887205 -1.256637061435917
1.651580137887205 -1.256637061435917
1.651580137887205 -1.256637061435917
1.651580137887205 -1.256637061435917
1.660556116897461 -1.248996194638038
1.662067278317736 -1.247661082425661
1.660556116897462 -1.248996194638038
-1.672244261467096 -1.238685103415404
-1.669532095907719 -1.241068804948953
-1.662067278317735 -1.247661082425661
-1.669532095907719 -1.241068804948953
1.662067278317736 -1.247661082425661
1.669532095907719 -1.241068804948953
1.672244261467096 -1.238685103415404
1.669532095907718 -1.241068804948953
-1.682479822743948 -1.229709124405148
-1.678508074917975 -1.233181725279859
-1.672244261467096 -1.238685103415404
-1.678508074917975 -1.233181725279859
1.672244261467096 -1.238685103415404
1.678508074917975 -1.23318172527986
1.682479822743949 -1.229709124405148
1.678508074917975 -1.23318172527986
-1.692774519686774 -1.220733145394891
-1.687484053928232 -1.225334797526647
-1.682479822743948 -1.229709124405148
-1.687484053928232 -1.225334797526647
1.682479822743949 -1.229709124405148
1.687484053928231 -1.225334797526647
1.692774519686774 -1.220733145394891
1.687484053928231 -1.225334797526647
-1.703128915489449 -1.211757166384634
-1.696460032938488 -1.217527875212035
-1.692774519686774 -1.220733145394891
-1.696460032938488 -1.217527875212035
1.692774519686774 -1.220733145394891
1.696460032938488 -1.217527875212036
1.703128915489448 -1.211757166384634
1.696460032938488 -1.217527875212036
-1.713543578913661 -1.202781187374378
-1.705436011948745 -1.20976082371797
-1.703128915489449 -1.211757166384635
-1.705436011948745 -1.20976082371797
1.703128915489448 -1.211757166384635
1.705436011948744 -1.20976082371797
1.713543578913661 -1.202781187374378
1.705436011948745 -1.20976082371797
-1.724019955993248 -1.193805208364122
-1.723387969969258 -1.194343937506975
-1.723387969969258 -1.194343937506975
-1.714411990959001 -1.202033520528807
-1.713543578913661 -1.202781187374378
-1.714411990959001 -1.202033520528807
1.713543578913661 -1.202781187374378
1.714411990959001 -1.202033520528807
1.714411990959001 -1.202033520528807
1.723387969969258 -1.194343937506976
1.724019955993248 -1.193805208364122
1.723387969969258 -1.194343937506976
-1.734559220303452 -1.184829229353865
-1.732363948979515 -1.186690928289684
-1.724019955993248 -1.193805208364122
-1.732363948979515 -1.186690928289684
1.724019955993248 -1.193805208364122
1.732363948979514 -1.186690928289684
1.734559220303452 -1.184829229353865
1.732363948979514 -1.186690928289684
-1.745160846128875 -1.175853250343608
-1.741339927989771 -1.179076978040049
-1.734559220303452 -1.184829229353865
-1.741339927989771 -1.179076978040049
1.734559220303452 -1.184829229353865
1.741339927989771 -1.17907697804005
1.745160846128875 -1.175853250343608
1.74133992798977 -1.17907697804005
-1.755825441330255 -1.166877271333352
-1.750315907000028 -1.171502001617451
-1.745160846128875 -1.175853250343608
-1.750315907000028 -1.171502001617451
1.745160846128875 -1.175853250343608
1.750315907000027 -1.171502001617451
1.755825441330255 -1.166877271333352
1.750315907000028 -1.171502001617451
-1.766553619313641 -1.157901292323095
-1.759291886010284 -1.163965927065996
-1.755825441330255 -1.166877271333352
-1.759291886010284 -1.163965927065996
1.755825441330255 -1.166877271333352
1.759291886010284 -1.163965927065996
1.766553619313641 -1.157901292323095
1.759291886010284 -1.163965927065996
-1.777243844030797 -1.148925313312839
-1.777243844030797 -1.148925313312839
-1.777243844030797 -1.148925313312839
-1.777243844030797 -1.148925313312839
-1.768267865020541 -1.156468695916915
-1.766553619313641 -1.157901292323095
-1.768267865020541 -1.156468695916915
1.766553619313641 -1.157901292323095
1.768267865020541 -1.156468695916915
1.777243844030797 -1.148925313312839
1.76826786502054 -1.156468695916915
1.777243844030797 -1.148925313312839
1.777243844030797 -1.148925313312839
1.777243844030797 -1.148925313312839
-1.788207104025305 -1.139949334302582
-1.786219823041054 -1.141583841708531
-1.777243844030797 -1.148925313312839
-1.786219823041054 -1.141583841708531
-1.777243844030797 -1.148925313312839
-1.777243844030797 -1.148925313312839
-1.777243844030797 -1.148925313312839
1.777243844030797 -1.148925313312839
1.777243844030797 -1.148925313312839
1.777243844030797 -1.148925313312839
1.777243844030797 -1.148925313312839
1.786219823041053 -1.141583841708531
1.788207104025305 -1.139949334302582
1.786219823041053 -1.141583841708531
-1.799133925686059 -1.130973355292326
-1.79519580205131 -1.134196046466192
-1.788207104025305 -1.139949334302582
-1.79519580205131 -1.134196046466192
1.788207104025305 -1.139949334302582
1.79519580205131 -1.134196046466192
1.799133925686059 -1.130973355292326
1.79519580205131 -1.134196046466192
-1.810127311191205 -1.121997376282069
-1.804171781061567 -1.126846519800705
-1.799133925686059 -1.130973355292326
-1.804171781061567 -1.126846519800705
1.799133925686059 -1.130973355292326
1.804171781061567 -1.126846519800705
1.810127311191205 -1.121997376282069
1.804171781061567 -1.126846519800705
-1.821187921303246 -1.113021397271812
-1.813147760071824 -1.119535260096579
-1.810127311191205 -1.121997376282069
-1.813147760071824 -1.119535260096579
1.810127311191205 -1.121997376282069
1.813147760071823 -1.119535260096579
1.821187921303246 -1.113021397271812
1.813147760071823 -1.119535260096579
-1.832319334787134 -1.104045418261556
-1.831099718092337 -1.105023179195479
-1.831099718092337 -1.105023179195479
-1.82212373908208 -1.112262280940967
-1.821187921303246 -1.113021397271813
-1.82212373908208 -1.112262280940967
1.821187921303246 -1.113021397271813
1.82212373908208 -1.112262280940968
1.822123739082079 -1.112262280940968
1.831099718092336 -1.10502317919548
1.832319334787134 -1.104045418261556
1.831099718092336 -1.10502317919548
-1.843522013635497 -1.0950694392513
-1.840075697102593 -1.097818554662081
-1.832319334787134 -1.104045418261556
-1.840075697102593 -1.097818554662081
1.832319334787134 -1.104045418261556
1.840075697102592 -1.097818554662081
1.843522013635497 -1.0950694392513
1.840075697102593 -1.097818554662081
-1.854794498889165 -1.086093460241043
-1.84905167611285 -1.090651801842558
-1.843522013635497 -1.095069439251299
-1.84905167611285 -1.090651801842558
1.843522013635497 -1.095069439251299
1.84905167611285 -1.090651801842559
1.854794498889165 -1.086093460241043
1.849051676112849 -1.090651801842559
-1.866137497036838 -1.077117481230786
-1.858027655123106 -1.083522982008224
-1.854794498889165 -1.086093460241043
-1.858027655123106 -1.083522982008224
1.854794498889165 -1.086093460241043
1.858027655123106 -1.083522982008225
1.866137497036839 -1.077117481230786
1.858027655123106 -1.083522982008225
-1.877556172501774 -1.06814150222053
-1.875979613143619 -1.069373377426128
-1.875979613143619 -1.069373377426128
-1.867003634133363 -1.076432173315254
-1.866137497036838 -1.077117481230786
-1.867003634133363 -1.076432173315254
1.866137497036839 -1.077117481230786
1.867003634133362 -1.076432173315254
1.867003634133362 -1.076432173315254
1.875979613143619 -1.069373377426128
1.877556172501774 -1.06814150222053
1.875979613143619 -1.069373377426128
-1.889049812523825 -1.059165523210273
-1.884955592153876 -1.062348904410562
-1.877556172501774 -1.06814150222053
-1.884955592153876 -1.062348904410562
1.877556172501774 -1.06814150222053
1.884955592153875 -1.062348904410562
1.889049812523826 -1.059165523210273
1.884955592153876 -1.062348904410562
-1.900616791815855 -1.050189544200017
-1.893931571164132 -1.055362169476114
-1.889049812523825 -1.059165523210273
-1.893931571164132 -1.055362169476114
1.889049812523826 -1.059165523210273
1.893931571164132 -1.055362169476114
1.900616791815855 -1.050189544200017
1.893931571164132 -1.055362169476114
-1.911883529184646 -1.04121356518976
-1.911883529184646 -1.04121356518976
-1.911883529184646 -1.04121356518976
-1.911883529184646 -1.04121356518976
-1.902907550174389 -1.048413303985378
-1.900616791815855 -1.050189544200017
-1.902907550174389 -1.048413303985378
1.900616791815855 -1.050189544200017
1.902907550174389 -1.048413303985378
1.911883529184645 -1.04121356518976
1.902907550174389 -1.048413303985378
1.911883529184645 -1.04121356518976
1.911883529184645 -1.04121356518976
1.911883529184645 -1.04121356518976
-1.923984028661207 -1.032237586179504
-1.920859508194902 -1.034617007083217
-1.911883529184646 -1.04121356518976
-1.920859508194902 -1.034617007083217
-1.911883529184646 -1.04121356518976
-1.911883529184646 -1.04121356518976
-1.911883529184646 -1.04121356518976
1.911883529184645 -1.04121356518976
1.911883529184645 -1.04121356518976
1.911883529184645 -1.04121356518976
1.911883529184645 -1.04121356518976
1.920859508194902 -1.034617007083218
1.923984028661207 -1.032237586179504
1.920859508194901 -1.034617007083218
-1.935785387407965 -1.023261607169247
-1.929835487205159 -1.027770779736445
-1.923984028661207 -1.032237586179503
-1.929835487205159 -1.027770779736445
1.923984028661207 -1.032237586179503
1.929835487205158 -1.027770779736445
1.935785387407965 -1.023261607169247
1.929835487205159 -1.027770779736445
-1.947787445225672 -1.01428562815899
-1.947787445225672 -1.01428562815899
-1.947787445225672 -1.01428562815899
-1.947787445225672 -1.01428562815899
-1.938811466215415 -1.020962451726333
-1.935785387407965 -1.023261607169247
-1.938811466215415 -1.020962451726333
1.935785387407965 -1.023261607169247
1.938811466215415 -1.020962451726333
1.947787445225672 -1.01428562815899
1.938811466215415 -1.020962451726333
1.947787445225672 -1.01428562815899
1.947787445225671 -1.01428562815899
1.947787445225671 -1.01428562815899
-1.959630963573475 -1.005309649148734
-1.956763424235928 -1.007448139571535
-1.947787445225672 -1.014285628158991
-1.956763424235928 -1.007448139571535
-1.947787445225672 -1.014285628158991
-1.947787445225672 -1.014285628158991
-1.947787445225672 -1.014285628158991
1.947787445225672 -1.014285628158991
1.947787445225672 -1.014285628158991
1.947787445225671 -1.014285628158991
1.947787445225671 -1.014285628158991
1.956763424235928 -1.007448139571535
1.959630963573475 -1.005309649148734
1.956763424235928 -1.007448139571535
-1.971678120882149 -0.9963336701384773
-1.965739403246185 -1.000741390195154
-1.959630963573475 -1.005309649148734
-1.965739403246185 -1.000741390195154
1.959630963573475 -1.005309649148734
1.965739403246184 -1.000741390195155
1.971678120882149 -0.9963336701384773
1.965739403246184 -1.000741390195155
-1.983691361266698 -0.9873576911282209
-1.983691361266698 -0.9873576911282209
-1.983691361266698 -0.9873576911282209
-1.983691361266698 -0.9873576911282209
-1.974715382256441 -0.9940727584003288
-1.971678120882149 -0.9963336701384775
-1.974715382256441 -0.9940727584003288
1.971678120882149 -0.9963336701384775
1.974715382256441 -0.9940727584003288
1.983691361266698 -0.9873576911282209
1.974715382256441 -0.9940727584003288
1.983691361266698 -0.9873576911282209
1.983691361266698 -0.9873576911282209
1.983691361266698 -0.9873576911282209
-1.996028523735377 -0.9783817121179641
-1.992667340276955 -0.9808361027802143
-1.983691361266698 -0.9873576911282207
-1.992667340276955 -0.9808361027802143
-1.983691361266698 -0.9873576911282207
-1.983691361266698 -0.9873576911282207
-1.983691361266698 -0.9873576911282207
1.983691361266698 -0.9873576911282207
1.983691361266698 -0.9873576911282207
1.983691361266698 -0.9873576911282207
1.983691361266698 -0.9873576911282207
1.992667340276954 -0.9808361027802146
1.996028523735377 -0.9783817121179641
1.992667340276954 -0.9808361027802146
-2.008334050185656 -0.9694057331077077
-2.001643319287211 -0.9742684063476234
-1.996028523735377 -0.9783817121179643
-2.001643319287211 -0.9742684063476234
1.996028523735377 -0.9783817121179643
2.001643319287211 -0.9742684063476239
2.008334050185656 -0.9694057331077077
2.001643319287211 -0.9742684063476239
-2.020728695409467 -0.9604297540974513
-2.019595277307724 -0.9612438657189143
-2.019595277307724 -0.9612438657189143
-2.010619298297468 -0.9677392534660448
-2.008334050185656 -0.9694057331077079
-2.010619298297468 -0.9677392534660448
2.008334050185656 -0.9694057331077079
2.010619298297467 -0.9677392534660454
2.010619298297467 -0.9677392534660454
2.019595277307723 -0.9612438657189143
2.020728695409467 -0.9604297540974513
2.019595277307724 -0.9612438657189143
-2.033219245962453 -0.9514537750871945
-2.028571256317981 -0.9547766687907349
-2.020728695409467 -0.9604297540974511
-2.028571256317981 -0.9547766687907349
2.020728695409467 -0.9604297540974511
2.028571256317981 -0.9547766687907349
2.033219245962452 -0.9514537750871945
2.028571256317981 -0.9547766687907349
-2.046523214338494 -0.9424777960769382
-2.046523214338494 -0.9424777960769382
-2.046523214338494 -0.9424777960769382
-2.046523214338494 -0.9424777960769382
-2.037547235328238 -0.9483482698834774
-2.033219245962453 -0.9514537750871948
-2.037547235328237 -0.9483482698834774
2.033219245962452 -0.9514537750871948
2.037547235328237 -0.9483482698834778
2.046523214338493 -0.9424777960769382
2.037547235328237 -0.9483482698834778
2.046523214338493 -0.9424777960769382
2.046523214338493 -0.9424777960769382
2.046523214338493 -0.9424777960769382
-2.058477080359392 -0.9335018170666813
-2.055499193348751 -0.935595541949788
-2.046523214338494 -0.9424777960769379
-2.055499193348751 -0.935595541949788
-2.046523214338494 -0.9424777960769379
-2.046523214338494 -0.9424777960769379
-2.046523214338494 -0.9424777960769379
2.046523214338493 -0.9424777960769379
2.046523214338493 -0.9424777960769379
2.046523214338493 -0.9424777960769379
2.046523214338493 -0.9424777960769379
2.05549919334875 -0.9355955419497886
2.058477080359392 -0.9335018170666813
2.05549919334875 -0.9355955419497886
-2.071250960273448 -0.924525838056425
-2.064475172359007 -0.9292678062426918
-2.058477080359392 -0.9335018170666816
-2.064475172359007 -0.9292678062426918
2.058477080359392 -0.9335018170666816
2.064475172359006 -0.9292678062426918
2.071250960273448 -0.924525838056425
2.064475172359007 -0.9292678062426918
-2.084124915611252 -0.9155498590461686
-2.082427130379521 -0.9167235711497683
-2.08242713037952 -0.9167235711497683
-2.073451151369264 -0.9229796943598936
-2.071250960273448 -0.9245258380564252
-2.073451151369263 -0.9229796943598936
2.071250960273448 -0.9245258380564252
2.073451151369263 -0.9229796943598936
2.073451151369263 -0.9229796943598936
2.08242713037952 -0.9167235711497685
2.084124915611252 -0.9155498590461686
2.08242713037952 -0.9167235711497685
-2.097103703016254 -0.9065738800359118
-2.091403109389777 -0.9104966679202652
-2.084124915611252 -0.9155498590461684
-2.091403109389777 -0.9104966679202652
2.084124915611252 -0.9155498590461684
2.091403109389776 -0.9104966679202657
2.097103703016254 -0.9065738800359118
2.091403109389776 -0.9104966679202657
-2.110182028112519 -0.8975979010256554
-2.10935506741029 -0.8981598989602596
-2.10935506741029 -0.8981598989602596
-2.100379088400033 -0.9043099384827972
-2.097103703016254 -0.906573880035912
-2.100379088400033 -0.9043099384827972
2.097103703016254 -0.906573880035912
2.100379088400032 -0.9043099384827978
2.100379088400032 -0.9043099384827978
2.109355067410289 -0.8981598989602596
2.110182028112519 -0.8975979010256554
2.10935506741029 -0.8981598989602596
-2.123375339932704 -0.8886219220153986
-2.118331046420546 -0.8920342791514866
-2.110182028112519 -0.8975979010256552
-2.118331046420546 -0.8920342791514866
2.110182028112519 -0.8975979010256552
2.118331046420546 -0.8920342791514866
2.123375339932704 -0.8886219220153986
2.118331046420546 -0.8920342791514866
-2.13628300444106 -0.8796459430051422
-2.13628300444106 -0.8796459430051422
-2.13628300444106 -0.8796459430051422
-2.13628300444106 -0.8796459430051422
-2.127307025430803 -0.885949519640327
-2.123375339932704 -0.8886219220153988
-2.127307025430803 -0.885949519640327
2.123375339932704 -0.8886219220153988
2.127307025430802 -0.8859495196403272
2.136283004441059 -0.8796459430051422
2.127307025430802 -0.8859495196403272
2.136283004441059 -0.8796459430051422
2.136283004441059 -0.8796459430051422
2.136283004441059 -0.8796459430051422
-2.150088209348518 -0.8706699639948858
-2.145258983451316 -0.8738807379087894
-2.13628300444106 -0.8796459430051424
-2.145258983451316 -0.8738807379087894
-2.13628300444106 -0.8796459430051424
-2.13628300444106 -0.8796459430051424
-2.13628300444106 -0.8796459430051424
2.136283004441059 -0.8796459430051424
2.136283004441059 -0.8796459430051424
2.136283004441059 -0.8796459430051424
2.136283004441059 -0.8796459430051424
2.145258983451315 -0.87388073790879
2.150088209348517 -0.8706699639948858
2.145258983451315 -0.87388073790879
-2.163210941471829 -0.861693984984629
-2.163210941471829 -0.861693984984629
-2.163210941471829 -0.861693984984629
-2.163210941471829 -0.861693984984629
-2.154234962461572 -0.8678988533530115
-2.150088209348518 -0.8706699639948856
-2.154234962461572 -0.8678988533530115
2.150088209348517 -0.8706699639948856
2.154234962461572 -0.8678988533530115
2.163210941471829 -0.861693984984629
2.154234962461572 -0.8678988533530115
2.163210941471829 -0.861693984984629
2.163210941471829 -0.861693984984629
2.163210941471829 -0.861693984984629
-2.177267193418141 -0.8527180059743726
-2.172186920482086 -0.8560368763824645
-2.163210941471829 -0.8616939849846292
-2.172186920482086 -0.8560368763824645
-2.163210941471829 -0.8616939849846292
-2.163210941471829 -0.8616939849846292
-2.163210941471829 -0.8616939849846292
2.163210941471829 -0.8616939849846292
2.163210941471829 -0.8616939849846292
2.163210941471829 -0.8616939849846292
2.163210941471829 -0.8616939849846292
2.172186920482085 -0.8560368763824647
2.177267193418141 -0.8527180059743726
2.172186920482085 -0.8560368763824647
-2.191035732370436 -0.8437420269641158
-2.190138878502599 -0.844320197234808
-2.190138878502599 -0.844320197234808
-2.181162899492342 -0.8501591177911915
-2.177267193418141 -0.8527180059743724
-2.181162899492342 -0.8501591177911915
2.177267193418141 -0.8527180059743724
2.181162899492342 -0.8501591177911917
2.181162899492342 -0.8501591177911917
2.190138878502598 -0.8443201972348086
2.191035732370436 -0.8437420269641158
2.190138878502598 -0.8443201972348086
-2.204940064217435 -0.8347660479538594
-2.199114857512855 -0.838504328112161
-2.191035732370436 -0.843742026964116
-2.199114857512855 -0.838504328112161
2.191035732370436 -0.843742026964116
2.199114857512854 -0.838504328112161
2.204940064217435 -0.8347660479538594
2.199114857512855 -0.838504328112161
-2.218970141237085 -0.8257900689436031
-2.217066815533368 -0.8269950417837433
-2.217066815533368 -0.8269950417837433
-2.208090836523112 -0.8327323245063496
-2.204940064217435 -0.8347660479538597
-2.208090836523112 -0.8327323245063496
2.204940064217435 -0.8347660479538597
2.208090836523112 -0.8327323245063496
2.208090836523112 -0.8327323245063496
2.217066815533368 -0.8269950417837436
2.218970141237085 -0.8257900689436031
2.217066815533368 -0.8269950417837436
-2.233137893366462 -0.8168140899333463
-2.226042794543625 -0.8212856029809465
-2.218970141237085 -0.8257900689436029
-2.226042794543625 -0.8212856029809465
2.218970141237085 -0.8257900689436029
2.226042794543624 -0.8212856029809469
2.233137893366462 -0.8168140899333463
2.226042794543624 -0.8212856029809469
-2.247448762783802 -0.8078381109230899
-2.243994752564138 -0.8099848952829518
-2.243994752564138 -0.8099848952829518
-2.235018773553882 -0.8156213976457333
-2.233137893366462 -0.8168140899333465
-2.235018773553882 -0.8156213976457333
2.233137893366462 -0.8168140899333465
2.235018773553881 -0.8156213976457338
2.235018773553881 -0.8156213976457338
2.243994752564137 -0.8099848952829518
2.247448762783802 -0.8078381109230899
2.243994752564138 -0.8099848952829518
-2.261946710584651 -0.7988621319128331
-2.261946710584651 -0.7988621319128331
-2.261946710584651 -0.7988621319128331
-2.261946710584651 -0.7988621319128331
-2.252970731574395 -0.8043841714812797
-2.247448762783802 -0.8078381109230897
-2.252970731574394 -0.8043841714812797
2.247448762783802 -0.8078381109230897
2.252970731574394 -0.8043841714812797
2.261946710584651 -0.7988621319128331
2.252970731574394 -0.8043841714812797
2.261946710584651 -0.7988621319128331
2.261946710584651 -0.7988621319128331
2.261946710584651 -0.7988621319128331
-2.276509055568682 -0.7898861529025767
-2.270922689594908 -0.7932938042062817
-2.261946710584651 -0.7988621319128333
-2.270922689594908 -0.7932938042062817
-2.261946710584651 -0.7988621319128333
-2.261946710584651 -0.7988621319128333
-2.261946710584651 -0.7988621319128333
2.261946710584651 -0.7988621319128333
2.261946710584651 -0.7988621319128333
2.261946710584651 -0.7988621319128333
2.261946710584651 -0.7988621319128333
2.270922689594907 -0.7932938042062819
2.276509055568682 -0.7898861529025767
2.270922689594907 -0.7932938042062819
-2.291270943428264 -0.7809101738923203
-2.288874647615421 -0.7823508423870058
-2.288874647615421 -0.7823508423870058
-2.279898668605164 -0.7878045599019713
-2.276509055568682 -0.7898861529025769
-2.279898668605164 -0.7878045599019713
2.276509055568682 -0.7898861529025769
2.279898668605163 -0.7878045599019718
2.279898668605163 -0.7878045599019718
2.28887464761542 -0.7823508423870058
2.291270943428264 -0.7809101738923203
2.288874647615421 -0.7823508423870058
-2.306826605635934 -0.7719341948820635
-2.306826605635934 -0.7719341948820635
-2.306826605635934 -0.7719341948820635
-2.306826605635934 -0.7719341948820635
-2.297850626625678 -0.776926928421628
-2.291270943428264 -0.7809101738923201
-2.297850626625677 -0.776926928421628
2.291270943428264 -0.7809101738923201
2.297850626625677 -0.776926928421628
2.306826605635933 -0.7719341948820635
2.297850626625677 -0.776926928421628
2.306826605635933 -0.7719341948820635
2.306826605635933 -0.7719341948820635
2.306826605635933 -0.7719341948820635
-2.321297542430728 -0.7629582158718071
-2.315802584646191 -0.7661981435606314
-2.306826605635934 -0.7719341948820637
-2.31580258464619 -0.7661981435606314
-2.306826605635934 -0.7719341948820637
-2.306826605635934 -0.7719341948820637
-2.306826605635934 -0.7719341948820637
2.306826605635933 -0.7719341948820637
2.306826605635933 -0.7719341948820637
2.306826605635933 -0.7719341948820637
2.306826605635933 -0.7719341948820637
2.31580258464619 -0.7661981435606315
2.321297542430728 -0.7629582158718071
2.31580258464619 -0.7661981435606315
-2.336573275970077 -0.7539822368615503
-2.333754542666703 -0.7556191227633693
-2.333754542666703 -0.7556191227633693
-2.324778563656447 -0.7608906569537337
-2.321297542430728 -0.7629582158718069
-2.324778563656447 -0.7608906569537337
2.321297542430728 -0.7629582158718069
2.324778563656446 -0.7608906569537343
2.324778563656446 -0.7608906569537343
2.333754542666703 -0.7556191227633693
2.336573275970077 -0.7539822368615503
2.333754542666703 -0.7556191227633693
-2.351706500687217 -0.7450062578512939
-2.351706500687217 -0.7450062578512939
-2.351706500687217 -0.7450062578512939
-2.351706500687217 -0.7450062578512939
-2.34273052167696 -0.7503795719828631
-2.336573275970077 -0.7539822368615505
-2.34273052167696 -0.7503795719828631
2.336573275970077 -0.7539822368615505
2.34273052167696 -0.7503795719828631
2.351706500687216 -0.7450062578512939
2.34273052167696 -0.7503795719828631
2.351706500687216 -0.7450062578512939
2.351706500687216 -0.7450062578512939
2.351706500687216 -0.7450062578512939
-2.367694375014409 -0.7360302788410376
-2.360682479697473 -0.7400203870580898
-2.351706500687217 -0.7450062578512942
-2.360682479697473 -0.7400203870580898
-2.351706500687217 -0.7450062578512942
-2.351706500687217 -0.7450062578512942
-2.351706500687217 -0.7450062578512942
2.351706500687216 -0.7450062578512942
2.351706500687216 -0.7450062578512942
2.351706500687216 -0.7450062578512942
2.351706500687216 -0.7450062578512942
2.360682479697473 -0.7400203870580901
2.367694375014409 -0.7360302788410376
2.360682479697473 -0.7400203870580901
-2.383563178605289 -0.7270542998307807
-2.378634437717986 -0.7298144520821462
-2.378634437717986 -0.7298144520821462
-2.36965845870773 -0.7349036971423736
-2.367694375014409 -0.7360302788410373
-2.36965845870773 -0.7349036971423736
2.367694375014409 -0.7360302788410373
2.369658458707729 -0.7349036971423741
2.369658458707729 -0.7349036971423741
2.378634437717985 -0.7298144520821462
2.383563178605289 -0.7270542998307807
2.378634437717986 -0.7298144520821462
-2.399644960485105 -0.7180783208205244
-2.396586395738499 -0.7197632930077961
-2.396586395738499 -0.7197632930077961
-2.387610416728243 -0.724769192668829
-2.383563178605289 -0.727054299830781
-2.387610416728243 -0.724769192668829
2.383563178605289 -0.727054299830781
2.387610416728243 -0.724769192668829
2.387610416728243 -0.724769192668829
2.396586395738499 -0.7197632930077964
2.399644960485105 -0.7180783208205244
2.396586395738499 -0.7197632930077964
-2.415952890245726 -0.7091023418102675
-2.414538353759013 -0.7098686222518119
-2.414538353759013 -0.7098686222518119
-2.405562374748756 -0.7147908888984176
-2.399644960485105 -0.7180783208205241
-2.405562374748756 -0.7147908888984176
2.399644960485105 -0.7180783208205241
2.405562374748755 -0.7147908888984178
2.405562374748755 -0.7147908888984178
2.414538353759012 -0.7098686222518124
2.415952890245726 -0.7091023418102675
2.414538353759012 -0.7098686222518124
-2.432490311779526 -0.7001263628000112
-2.432490311779526 -0.7001263628000112
-2.432490311779525 -0.7001263628000112
-2.432490311779525 -0.7001263628000112
-2.423514332769269 -0.7049706428415893
-2.415952890245726 -0.7091023418102678
-2.423514332769269 -0.7049706428415893
2.415952890245726 -0.7091023418102678
2.423514332769268 -0.7049706428415893
2.432490311779525 -0.7001263628000112
2.423514332769269 -0.7049706428415893
2.432490311779525 -0.7001263628000112
2.432490311779525 -0.7001263628000112
2.432490311779525 -0.7001263628000112
-2.450442269800039 -0.6911503837897548
-2.450442269800039 -0.6911503837897548
-2.450442269800039 -0.6911503837897548
-2.450442269800039 -0.6911503837897548
-2.441466290789782 -0.6953105183361111
-2.432490311779526 -0.7001263628000114
-2.441466290789782 -0.6953105183361111
-2.432490311779526 -0.7001263628000114
-2.432490311779525 -0.7001263628000114
-2.432490311779525 -0.7001263628000114
2.432490311779525 -0.7001263628000114
2.432490311779525 -0.7001263628000114
2.432490311779525 -0.7001263628000114
2.432490311779525 -0.7001263628000114
2.441466290789782 -0.6953105183361115
2.450442269800038 -0.6911503837897548
2.441466290789782 -0.6953105183361115
2.450442269800038 -0.6911503837897548
2.450442269800038 -0.6911503837897548
2.450442269800038 -0.6911503837897548
-2.466410128264288 -0.682174404779498
-2.459418248810295 -0.685812798760289
-2.450442269800039 -0.6911503837897546
-2.459418248810295 -0.685812798760289
-2.450442269800039 -0.6911503837897546
-2.450442269800039 -0.6911503837897546
-2.450442269800039 -0.6911503837897546
2.450442269800038 -0.6911503837897546
2.450442269800038 -0.6911503837897546
2.450442269800038 -0.6911503837897546
2.450442269800038 -0.6911503837897546
2.459418248810294 -0.6858127987602894
2.466410128264288 -0.682174404779498
2.459418248810294 -0.6858127987602894
-2.483793182381137 -0.6731984257692416
-2.477370206830809 -0.6764800007131817
-2.477370206830808 -0.6764800007131817
-2.468394227820552 -0.6811322477921755
-2.466410128264288 -0.6821744047794982
-2.468394227820552 -0.6811322477921755
2.466410128264288 -0.6821744047794982
2.468394227820551 -0.6811322477921755
2.468394227820552 -0.6811322477921755
2.477370206830808 -0.6764800007131817
2.483793182381136 -0.6731984257692416
2.477370206830808 -0.6764800007131817
-2.501490375057432 -0.6642224467589848
-2.495322164851322 -0.6673148887582957
-2.495322164851321 -0.6673148887582957
-2.486346185841065 -0.6718815052114419
-2.483793182381137 -0.6731984257692414
-2.486346185841065 -0.6718815052114419
2.483793182381136 -0.6731984257692414
2.486346185841064 -0.6718815052114421
2.486346185841064 -0.6718815052114421
2.495322164851321 -0.6673148887582958
2.501490375057431 -0.6642224467589848
2.495322164851321 -0.6673148887582958
-2.519526109311259 -0.6552464677487284
-2.513274122871834 -0.6583204913374102
-2.513274122871834 -0.6583204913374102
-2.504298143861578 -0.6628008508765574
-2.501490375057432 -0.664222446758985
-2.504298143861578 -0.6628008508765574
2.501490375057431 -0.664222446758985
2.504298143861577 -0.6628008508765577
2.504298143861577 -0.6628008508765577
2.513274122871834 -0.6583204913374102
2.519526109311259 -0.6552464677487284
2.513274122871834 -0.6583204913374102
-2.537927757466519 -0.646270488738472
-2.531226080892348 -0.6495001179725757
-2.531226080892348 -0.6495001179725757
-2.522250101882091 -0.6538935233137193
-2.519526109311259 -0.6552464677487286
-2.522250101882091 -0.6538935233137193
2.519526109311259 -0.6552464677487286
2.522250101882091 -0.6538935233137193
2.522250101882091 -0.6538935233137193
2.531226080892347 -0.6495001179725758
2.537927757466519 -0.646270488738472
2.531226080892347 -0.6495001179725758
-2.556726112659852 -0.6372945097282152
-2.549178038912861 -0.640857377887229
-2.549178038912861 -0.640857377887229
-2.540202059902605 -0.6451630569186935
-2.537927757466519 -0.6462704887384718
-2.540202059902604 -0.6451630569186935
2.537927757466519 -0.6462704887384718
2.540202059902604 -0.6451630569186936
2.540202059902604 -0.6451630569186936
2.54917803891286 -0.6408573778872293
2.556726112659851 -0.6372945097282152
2.54917803891286 -0.6408573778872293
-2.57610597594363 -0.6283185307179588
-2.57610597594363 -0.6283185307179588
-2.57610597594363 -0.6283185307179588
-2.57610597594363 -0.6283185307179588
-2.567129996933374 -0.6323962001918998
-2.567129996933374 -0.6323962001918998
-2.558154017923117 -0.6366133018924128
-2.556726112659852 -0.6372945097282154
-2.558154017923117 -0.6366133018924128
2.556726112659851 -0.6372945097282154
2.558154017923116 -0.6366133018924128
2.558154017923117 -0.6366133018924128
2.567129996933374 -0.6323962001918998
2.57610597594363 -0.6283185307179588
2.567129996933374 -0.6323962001918998
2.57610597594363 -0.6283185307179588
2.57610597594363 -0.6283185307179588
2.57610597594363 -0.6283185307179588
-2.595680256215105 -0.619342551707702
-2.594057933964144 -0.6200638977814541
-2.594057933964144 -0.6200638977814541
-2.585081954953887 -0.6241208557964032
-2.57610597594363 -0.6283185307179586
-2.585081954953887 -0.6241208557964032
-2.57610597594363 -0.6283185307179586
-2.57610597594363 -0.6283185307179586
-2.57610597594363 -0.6283185307179586
2.57610597594363 -0.6283185307179586
2.57610597594363 -0.6283185307179586
2.57610597594363 -0.6283185307179586
2.57610597594363 -0.6283185307179586
2.585081954953886 -0.6241208557964033
2.585081954953886 -0.6241208557964033
2.594057933964143 -0.6200638977814544
2.595680256215105 -0.619342551707702
2.594057933964143 -0.6200638977814544
-2.615932390699653 -0.6103665726974457
-2.612009891984657 -0.6120700109538159
-2.612009891984656 -0.6120700109538159
-2.6030339129744 -0.6160359812290601
-2.595680256215105 -0.6193425517077022
-2.6030339129744 -0.6160359812290601
2.595680256215105 -0.6193425517077022
2.603033912974399 -0.6160359812290601
2.6030339129744 -0.6160359812290601
2.612009891984656 -0.6120700109538159
2.615932390699652 -0.6103665726974457
2.612009891984656 -0.6120700109538159
-2.636763271318762 -0.6013905936871893
-2.62996185000517 -0.6042727682592502
-2.62996185000517 -0.6042727682592502
-2.620985870994913 -0.6081466045645619
-2.615932390699653 -0.6103665726974459
-2.620985870994913 -0.6081466045645619
2.615932390699652 -0.6103665726974459
2.620985870994913 -0.6081466045645622
2.620985870994913 -0.6081466045645622
2.629961850005169 -0.6042727682592505
2.636763271318762 -0.6013905936871893
2.629961850005169 -0.6042727682592505
-2.65688978703594 -0.5924146146769325
-2.65688978703594 -0.5924146146769325
-2.656889787035939 -0.5924146146769325
-2.656889787035939 -0.5924146146769325
-2.647913808025683 -0.5966777172412165
-2.647913808025683 -0.5966777172412165
-2.638937829015426 -0.6004581736861081
-2.636763271318762 -0.6013905936871891
-2.638937829015426 -0.6004581736861081
2.636763271318762 -0.6013905936871891
2.638937829015426 -0.6004581736861083
2.638937829015426 -0.6004581736861083
2.647913808025682 -0.5966777172412169
2.656889787035938 -0.5924146146769325
2.647913808025682 -0.5966777172412169
2.656889787035938 -0.5924146146769325
2.656889787035939 -0.5924146146769325
2.656889787035939 -0.5924146146769325
-2.680514624957426 -0.5834386356666761
-2.674841745056453 -0.5856775740639437
-2.674841745056452 -0.5856775740639437
-2.665865766046196 -0.5892908619193971
-2.65688978703594 -0.5924146146769327
-2.665865766046196 -0.5892908619193971
-2.65688978703594 -0.5924146146769327
-2.656889787035939 -0.5924146146769327
-2.656889787035939 -0.5924146146769327
2.656889787035938 -0.5924146146769327
2.656889787035938 -0.5924146146769327
2.656889787035939 -0.5924146146769327
2.656889787035939 -0.5924146146769327
2.665865766046196 -0.5892908619193973
2.665865766046196 -0.5892908619193973
2.674841745056452 -0.5856775740639438
2.680514624957426 -0.5834386356666761
2.674841745056452 -0.5856775740639438
-2.703620935605632 -0.5744626566564193
-2.701769682087222 -0.5751585278256378
-2.701769682087222 -0.5751585278256378
-2.692793703076966 -0.5786021951200033
-2.692793703076966 -0.5786021951200033
-2.683817724066709 -0.5821186969514147
-2.680514624957426 -0.5834386356666759
-2.683817724066709 -0.5821186969514147
2.680514624957426 -0.5834386356666759
2.683817724066708 -0.582118696951415
2.683817724066708 -0.582118696951415
2.692793703076965 -0.5786021951200035
2.692793703076965 -0.5786021951200035
2.701769682087221 -0.5751585278256378
2.703620935605632 -0.5744626566564193
2.701769682087222 -0.5751585278256378
-2.728697619117992 -0.5654866776461629
-2.728697619117992 -0.5654866776461629
-2.728697619117992 -0.5654866776461629
-2.728697619117992 -0.5654866776461629
-2.719721640107736 -0.5684055198023513
-2.719721640107735 -0.5684055198023513
-2.710745661097479 -0.5717501482065703
-2.703620935605632 -0.5744626566564195
-2.710745661097479 -0.5717501482065703
2.703620935605632 -0.5744626566564195
2.710745661097478 -0.5717501482065706
2.710745661097478 -0.5717501482065706
2.719721640107735 -0.5684055198023515
2.728697619117991 -0.5654866776461629
2.719721640107735 -0.5684055198023515
2.728697619117991 -0.5654866776461629
2.728697619117991 -0.5654866776461629
2.728697619117991 -0.5654866776461629
-2.753039835870237 -0.5565106986359065
-2.746649577138505 -0.558715505923856
-2.746649577138505 -0.558715505923856
-2.737673598128248 -0.5618853488799774
-2.728697619117992 -0.5654866776461631
-2.737673598128248 -0.5618853488799774
-2.728697619117992 -0.5654866776461631
-2.728697619117992 -0.5654866776461631
-2.728697619117992 -0.5654866776461631
2.728697619117991 -0.5654866776461631
2.728697619117991 -0.5654866776461631
2.728697619117991 -0.5654866776461631
2.728697619117991 -0.5654866776461631
2.737673598128247 -0.5618853488799778
2.737673598128247 -0.5618853488799778
2.746649577138504 -0.558715505923856
2.753039835870237 -0.5565106986359065
2.746649577138505 -0.558715505923856
-2.779770505897107 -0.5475347196256497
-2.773577514169275 -0.5495482514288585
-2.773577514169275 -0.5495482514288585
-2.764601535159018 -0.5525401182492117
-2.764601535159018 -0.5525401182492117
-2.755625556148761 -0.5556064936712537
-2.753039835870237 -0.5565106986359063
-2.755625556148761 -0.5556064936712537
2.753039835870237 -0.5565106986359063
2.755625556148761 -0.5556064936712538
2.755625556148761 -0.5556064936712538
2.764601535159017 -0.5525401182492119
2.764601535159017 -0.5525401182492119
2.773577514169274 -0.5495482514288589
2.779770505897107 -0.5475347196256497
2.773577514169274 -0.5495482514288589
-2.809481430210301 -0.5385587406153933
-2.809481430210301 -0.5385587406153933
-2.809481430210301 -0.5385587406153933
-2.809481430210301 -0.5385587406153933
-2.800505451200044 -0.5409213969655164
-2.800505451200044 -0.5409213969655164
-2.791529472189788 -0.5437318003160004
-2.791529472189787 -0.5437318003160004
-2.782553493179531 -0.5466173184691799
-2.779770505897107 -0.5475347196256499
-2.782553493179531 -0.5466173184691799
2.779770505897107 -0.5475347196256499
2.78255349317953 -0.5466173184691803
2.78255349317953 -0.5466173184691803
2.791529472189787 -0.5437318003160004
2.791529472189787 -0.5437318003160004
2.800505451200044 -0.5409213969655166
2.8094814302103 -0.5385587406153933
2.800505451200044 -0.5409213969655166
2.8094814302103 -0.5385587406153933
2.8094814302103 -0.5385587406153933
2.8094814302103 -0.5385587406153933
-2.839027388154747 -0.5295827616051365
-2.836409367241071 -0.530304749472037
-2.83640936724107 -0.530304749472037
-2.827433388230814 -0.5328542520171596
-2.827433388230814 -0.5328542520171596
-2.818457409220557 -0.5354793885021898
-2.809481430210301 -0.5385587406153931
-2.818457409220557 -0.5354793885021898
-2.809481430210301 -0.5385587406153931
-2.809481430210301 -0.5385587406153931
-2.809481430210301 -0.5385587406153931
2.8094814302103 -0.5385587406153931
2.8094814302103 -0.5385587406153931
2.8094814302103 -0.5385587406153931
2.8094814302103 -0.5385587406153931
2.818457409220557 -0.5354793885021901
2.818457409220557 -0.5354793885021901
2.827433388230813 -0.5328542520171599
2.827433388230813 -0.5328542520171599
2.836409367241069 -0.530304749472037
2.839027388154747 -0.5295827616051365
2.83640936724107 -0.530304749472037
-2.872313283282097 -0.5206067825948801
-2.872313283282097 -0.5206067825948801
-2.872313283282097 -0.5206067825948801
-2.872313283282097 -0.5206067825948801
-2.86333730427184 -0.5230085807009673
-2.86333730427184 -0.5230085807009673
-2.854361325261584 -0.5253679338548726
-2.854361325261583 -0.5253679338548726
-2.845385346251327 -0.5278036630061955
-2.839027388154747 -0.5295827616051367
-2.845385346251327 -0.5278036630061955
2.839027388154747 -0.5295827616051367
2.845385346251327 -0.5278036630061956
2.845385346251327 -0.5278036630061956
2.854361325261583 -0.5253679338548727
2.854361325261583 -0.5253679338548727
2.863337304271839 -0.5230085807009677
2.872313283282096 -0.5206067825948801
2.863337304271839 -0.5230085807009677
2.872313283282096 -0.5206067825948801
2.872313283282096 -0.5206067825948801
2.872313283282096 -0.5206067825948801
-2.908217199323123 -0.5116308035846238
-2.908217199323123 -0.5116308035846238
-2.908217199323123 -0.5116308035846238
-2.908217199323123 -0.5116308035846238
-2.899241220312867 -0.5142333129324019
-2.899241220312866 -0.5142333129324019
-2.89026524130261 -0.5163208854631129
-2.89026524130261 -0.5163208854631129
-2.881289262292353 -0.5184855209093759
-2.872313283282097 -0.5206067825948804
-2.881289262292353 -0.5184855209093759
-2.872313283282097 -0.5206067825948804
-2.872313283282097 -0.5206067825948804
-2.872313283282097 -0.5206067825948804
2.872313283282096 -0.5206067825948804
2.872313283282096 -0.5206067825948804
2.872313283282096 -0.5206067825948804
2.872313283282096 -0.5206067825948804
2.881289262292352 -0.5184855209093759
2.881289262292353 -0.5184855209093759
2.890265241302609 -0.5163208854631131
2.890265241302609 -0.5163208854631131
2.899241220312866 -0.514233312932402
2.908217199323122 -0.5116308035846238
2.899241220312866 -0.514233312932402
2.908217199323122 -0.5116308035846238
2.908217199323122 -0.5116308035846238
2.908217199323122 -0.5116308035846238
-2.953097094374406 -0.5026548245743669
-2.953097094374406 -0.5026548245743669
-2.953097094374406 -0.5026548245743669
-2.953097094374406 -0.5026548245743669
-2.944121115364149 -0.5048396842192752
-2.944121115364149 -0.5048396842192752
-2.935145136353893 -0.506571097497533
-2.935145136353893 -0.506571097497533
-2.926169157343636 -0.5083802553541339
-2.926169157343636 -0.5083802553541339
-2.917193178333379 -0.5102672610916495
-2.908217199323123 -0.5116308035846235
-2.917193178333379 -0.5102672610916495
-2.908217199323123 -0.5116308035846235
-2.908217199323123 -0.5116308035846235
-2.908217199323123 -0.5116308035846235
2.908217199323122 -0.5116308035846235
2.908217199323122 -0.5116308035846235
2.908217199323122 -0.5116308035846235
2.908217199323122 -0.5116308035846235
2.917193178333378 -0.5102672610916499
2.917193178333378 -0.5102672610916499
2.926169157343635 -0.5083802553541339
2.926169157343636 -0.5083802553541339
2.935145136353892 -0.5065710974975333
2.935145136353892 -0.5065710974975333
2.944121115364148 -0.5048396842192753
2.953097094374405 -0.5026548245743669
2.944121115364148 -0.5048396842192753
2.953097094374405 -0.5026548245743669
2.953097094374405 -0.5026548245743669
2.953097094374405 -0.5026548245743669
-3.015928947446202 -0.4936788455641106
-3.015928947446202 -0.4936788455641106
-3.015928947446201 -0.4936788455641106
-3.015928947446201 -0.4936788455641106
-3.006952968435945 -0.4947610402314161
-3.006952968435945 -0.4947610402314161
-2.997976989425688 -0.4959703511647003
-2.997976989425688 -0.4959703511647003
-2.989001010415432 -0.4972580761012062
-2.989001010415432 -0.4972580761012062
-2.980025031405175 -0.4986242888657528
-2.980025031405175 -0.4986242888657528
-2.971049052394919 -0.50006906774507
-2.971049052394918 -0.50006906774507
-2.962073073384662 -0.5015924954854784
-2.953097094374406 -0.5026548245743672
-2.962073073384662 -0.5015924954854784
-2.953097094374406 -0.5026548245743672
-2.953097094374406 -0.5026548245743672
-2.953097094374406 -0.5026548245743672
2.953097094374405 -0.5026548245743672
2.953097094374405 -0.5026548245743672
2.953097094374405 -0.5026548245743672
2.953097094374405 -0.5026548245743672
2.962073073384661 -0.5015924954854786
2.962073073384661 -0.5015924954854786
2.971049052394918 -0.50006906774507
2.971049052394918 -0.50006906774507
2.980025031405175 -0.4986242888657529
2.980025031405175 -0.4986242888657529
2.989001010415431 -0.4972580761012062
2.989001010415431 -0.4972580761012062
2.997976989425688 -0.4959703511647005
2.997976989425688 -0.4959703511647005
3.006952968435944 -0.4947610402314163
3.0159289474462 -0.4936788455641106
3.006952968435944 -0.4947610402314163
3.0159289474462 -0.4936788455641106
3.015928947446201 -0.4936788455641106
3.015928947446201 -0.4936788455641106
-3.141592653589793 -0.4858652755950524
-3.132616674579537 -0.4859048507246628
-3.132616674579537 -0.4859048507246628
-3.12364069556928 -0.4860235783909714
-3.12364069556928 -0.4860235783909714
-3.114664716559024 -0.486221465426352
-3.114664716559024 -0.486221465426352
-3.105688737548767 -0.4864985232179023
-3.105688737548767 -0.4864985232179023
-3.09671275853851 -0.4868547677071541
-3.09671275853851 -0.4868547677071541
-3.087736779528254 -0.4872902193896658
-3.087736779528254 -0.4872902193896658
-3.078760800517998 -0.4878049033144988
-3.078760800517997 -0.4878049033144988
-3.069784821507741 -0.488398849083571
-3.069784821507741 -0.488398849083571
-3.060808842497484 -0.4890720908508902
-3.060808842497484 -0.4890720908508902
-3.051832863487228 -0.4898246673216612
-3.051832863487228 -0.4898246673216612
-3.042856884476971 -0.4906566217512671
-3.042856884476971 -0.4906566217512671
-3.033880905466715 -0.4915680019441184
-3.033880905466714 -0.4915680019441184
-3.024904926456458 -0.4925588602523679
-3.015928947446202 -0.4936788455641103
-3.024904926456458 -0.4925588602523679
-3.015928947446202 -0.4936788455641103
-3.015928947446201 -0.4936788455641103
-3.015928947446201 -0.4936788455641103
3.0159289474462 -0.4936788455641103
3.0159289474462 -0.4936788455641103
3.015928947446201 -0.4936788455641103
3.015928947446201 -0.4936788455641103
3.024904926456458 -0.4925588602523681
3.024904926456458 -0.4925588602523681
3.033880905466714 -0.4915680019441184
3.033880905466714 -0.4915680019441184
3.04285688447697 -0.4906566217512672
3.04285688447697 -0.4906566217512672
3.051832863487227 -0.4898246673216613
3.051832863487227 -0.4898246673216613
3.060808842497483 -0.4890720908508902
3.060808842497484 -0.4890720908508902
3.06978482150774 -0.488398849083571
3.06978482150774 -0.488398849083571
3.078760800517997 -0.4878049033144988
3.078760800517997 -0.4878049033144988
3.087736779528253 -0.4872902193896658
3.087736779528253 -0.4872902193896658
3.096712758538509 -0.4868547677071541
3.096712758538509 -0.4868547677071541
3.105688737548766 -0.4864985232179023
3.105688737548767 -0.4864985232179023
3.114664716559023 -0.486221465426352
3.114664716559023 -0.486221465426352
3.123640695569279 -0.4860235783909714
3.123640695569279 -0.4860235783909714
3.132616674579536 -0.4859048507246628
3.132616674579536 -0.4859048507246628
3.141592653589792 -0.4858652755950524
-3.141592653589793 0.4858652755950526
-3.132616674579537 0.4859048507246631
-3.132616674579537 0.4859048507246631
-3.12364069556928 0.4860235783909715
-3.12364069556928 0.4860235783909715
-3.114664716559024 0.4862214654263521
-3.114664716559024 0.4862214654263521
-3.105688737548767 0.4864985232179025
-3.105688737548767 0.4864985232179025
-3.09671275853851 0.4868547677071542
-3.09671275853851 0.4868547677071542
-3.087736779528254 0.487290219389666
-3.087736779528254 0.487290219389666
-3.078760800517998 0.4878049033144989
-3.078760800517997 0.4878049033144989
-3.069784821507741 0.4883988490835712
-3.069784821507741 0.4883988490835712
-3.060808842497484 0.4890720908508904
-3.060808842497484 0.4890720908508904
-3.051832863487228 0.4898246673216614
-3.051832863487228 0.4898246673216614
-3.042856884476971 0.4906566217512673
-3.042856884476971 0.4906566217512673
-3.033880905466715 0.4915680019441186
-3.033880905466714 0.4915680019441186
-3.024904926456458 0.4925588602523682
-3.015928947446202 0.4936788455641101
-3.024904926456458 0.4925588602523682
-3.015928947446202 0.4936788455641101
-3.015928947446201 0.4936788455641101
-3.015928947446201 0.4936788455641101
3.0159289474462 0.4936788455641101
3.0159289474462 0.4936788455641101
3.015928947446201 0.4936788455641101
3.015928947446201 0.4936788455641101
3.024904926456458 0.4925588602523683
3.024904926456458 0.4925588602523683
3.033880905466714 0.4915680019441186
3.033880905466714 0.4915680019441186
3.04285688447697 0.4906566217512674
3.04285688447697 0.4906566217512674
3.051832863487227 0.4898246673216615
3.051832863487227 0.4898246673216615
3.060808842497483 0.4890720908508904
3.060808842497484 0.4890720908508904
3.06978482150774 0.4883988490835712
3.06978482150774 0.4883988490835712
3.078760800517997 0.4878049033144989
3.078760800517997 0.4878049033144989
3.087736779528253 0.487290219389666
3.087736779528253 0.487290219389666
3.096712758538509 0.4868547677071542
3.096712758538509 0.4868547677071542
3.105688737548766 0.4864985232179025
3.105688737548767 0.4864985232179025
3.114664716559023 0.4862214654263521
3.114664716559023 0.4862214654263521
3.123640695569279 0.4860235783909715
3.123640695569279 0.4860235783909715
3.132616674579536 0.4859048507246631
3.132616674579536 0.4859048507246631
3.141592653589792 0.4858652755950526
-3.015928947446202 0.4936788455641099
-3.015928947446202 0.4936788455641099
-3.015928947446201 0.4936788455641099
-3.015928947446201 0.4936788455641099
-3.006952968435945 0.4947610402314159
-3.006952968435945 0.4947610402314159
-2.997976989425688 0.4959703511647001
-2.997976989425688 0.4959703511647001
-2.989001010415432 0.497258076101206
-2.989001010415432 0.497258076101206
-2.980025031405175 0.4986242888657526
-2.980025031405175 0.4986242888657526
-2.971049052394919 0.5000690677450698
-2.971049052394918 0.5000690677450698
-2.962073073384662 0.5015924954854781
-2.953097094374406 0.5026548245743665
-2.962073073384662 0.5015924954854781
-2.953097094374406 0.5026548245743665
-2.953097094374406 0.5026548245743665
-2.953097094374406 0.5026548245743665
2.953097094374405 0.5026548245743665
2.953097094374405 0.5026548245743665
2.953097094374405 0.5026548245743665
2.953097094374405 0.5026548245743665
2.962073073384661 0.5015924954854784
2.962073073384661 0.5015924954854784
2.971049052394918 0.5000690677450698
2.971049052394918 0.5000690677450698
2.980025031405175 0.4986242888657527
2.980025031405175 0.4986242888657527
2.989001010415431 0.497258076101206
2.989001010415431 0.497258076101206
2.997976989425688 0.4959703511647002
2.997976989425688 0.4959703511647002
3.006952968435944 0.494761040231416
3.0159289474462 0.4936788455641099
3.006952968435944 0.494761040231416
3.0159289474462 0.4936788455641099
3.015928947446201 0.4936788455641099
3.015928947446201 0.4936788455641099
-2.953097094374406 0.5026548245743667
-2.953097094374406 0.5026548245743667
-2.953097094374406 0.5026548245743667
-2.953097094374406 0.5026548245743667
-2.944121115364149 0.5048396842192754
-2.944121115364149 0.5048396842192754
-2.935145136353893 0.5065710974975334
-2.935145136353893 0.5065710974975334
-2.926169157343636 0.5083802553541341
-2.926169157343636 0.5083802553541341
-2.917193178333379 0.5102672610916499
-2.908217199323123 0.5116308035846233
-2.917193178333379 0.5102672610916499
-2.908217199323123 0.5116308035846233
-2.908217199323123 0.5116308035846233
-2.908217199323123 0.5116308035846233
2.908217199323122 0.5116308035846233
2.908217199323122 0.5116308035846233
2.908217199323122 0.5116308035846233
2.908217199323122 0.5116308035846233
2.917193178333378 0.5102672610916501
2.917193178333378 0.5102672610916501
2.926169157343635 0.5083802553541341
2.926169157343636 0.5083802553541341
2.935145136353892 0.5065710974975335
2.935145136353892 0.5065710974975335
2.944121115364148 0.5048396842192755
2.953097094374405 0.5026548245743667
2.944121115364148 0.5048396842192755
2.953097094374405 0.5026548245743667
2.953097094374405 0.5026548245743667
2.953097094374405 0.5026548245743667
-2.908217199323123 0.5116308035846231
-2.908217199323123 0.5116308035846231
-2.908217199323123 0.5116308035846231
-2.908217199323123 0.5116308035846231
-2.899241220312867 0.5142333129324017
-2.899241220312866 0.5142333129324017
-2.89026524130261 0.5163208854631127
-2.89026524130261 0.5163208854631127
-2.881289262292353 0.5184855209093756
-2.872313283282097 0.5206067825948797
-2.881289262292353 0.5184855209093756
-2.872313283282097 0.5206067825948797
-2.872313283282097 0.5206067825948797
-2.872313283282097 0.5206067825948797
2.872313283282096 0.5206067825948797
2.872313283282096 0.5206067825948797
2.872313283282096 0.5206067825948797
2.872313283282096 0.5206067825948797
2.881289262292352 0.5184855209093756
2.881289262292353 0.5184855209093756
2.890265241302609 0.5163208854631128
2.890265241302609 0.5163208854631128
2.899241220312866 0.5142333129324018
2.908217199323122 0.5116308035846231
2.899241220312866 0.5142333129324018
2.908217199323122 0.5116308035846231
2.908217199323122 0.5116308035846231
2.908217199323122 0.5116308035846231
-2.872313283282097 0.5206067825948799
-2.872313283282097 0.5206067825948799
-2.872313283282097 0.5206067825948799
-2.872313283282097 0.5206067825948799
-2.86333730427184 0.5230085807009676
-2.86333730427184 0.5230085807009676
-2.854361325261584 0.5253679338548728
-2.854361325261583 0.5253679338548728
-2.845385346251327 0.5278036630061957
-2.839027388154749 0.5295827616051365
-2.845385346251327 0.5278036630061957
2.839027388154749 0.5295827616051365
2.845385346251327 0.527803663006196
2.845385346251327 0.527803663006196
2.854361325261583 0.5253679338548729
2.854361325261583 0.5253679338548729
2.863337304271839 0.5230085807009678
2.872313283282096 0.5206067825948799
2.863337304271839 0.5230085807009678
2.872313283282096 0.5206067825948799
2.872313283282096 0.5206067825948799
2.872313283282096 0.5206067825948799
-2.839027388154749 0.5295827616051363
-2.836409367241071 0.5303047494720373
-2.83640936724107 0.5303047494720373
-2.827433388230814 0.5328542520171599
-2.827433388230814 0.5328542520171599
-2.818457409220557 0.53547938850219
-2.809481430210301 0.5385587406153929
-2.818457409220557 0.53547938850219
-2.809481430210301 0.5385587406153929
-2.809481430210301 0.5385587406153929
-2.809481430210301 0.5385587406153929
2.8094814302103 0.5385587406153929
2.8094814302103 0.5385587406153929
2.8094814302103 0.5385587406153929
2.8094814302103 0.5385587406153929
2.818457409220557 0.5354793885021902
2.818457409220557 0.5354793885021902
2.827433388230813 0.5328542520171601
2.827433388230813 0.5328542520171601
2.836409367241069 0.5303047494720373
2.839027388154749 0.5295827616051363
2.83640936724107 0.5303047494720373
-2.809481430210301 0.5385587406153927
-2.809481430210301 0.5385587406153927
-2.809481430210301 0.5385587406153927
-2.809481430210301 0.5385587406153927
-2.800505451200044 0.5409213969655162
-2.800505451200044 0.5409213969655162
-2.791529472189788 0.5437318003160002
-2.791529472189787 0.5437318003160002
-2.782553493179531 0.5466173184691796
-2.779770505897109 0.5475347196256493
-2.782553493179531 0.5466173184691796
2.779770505897109 0.5475347196256493
2.78255349317953 0.5466173184691799
2.78255349317953 0.5466173184691799
2.791529472189787 0.5437318003160002
2.791529472189787 0.5437318003160002
2.800505451200044 0.5409213969655163
2.8094814302103 0.5385587406153927
2.800505451200044 0.5409213969655163
2.8094814302103 0.5385587406153927
2.8094814302103 0.5385587406153927
2.8094814302103 0.5385587406153927
-2.779770505897109 0.5475347196256495
-2.773577514169275 0.5495482514288588
-2.773577514169275 0.5495482514288588
-2.764601535159018 0.5525401182492119
-2.764601535159018 0.5525401182492119
-2.755625556148761 0.5556064936712539
-2.753039835870239 0.5565106986359061
-2.755625556148761 0.5556064936712539
2.753039835870238 0.5565106986359061
2.755625556148761 0.555606493671254
2.755625556148761 0.555606493671254
2.764601535159017 0.552540118249212
2.764601535159017 0.552540118249212
2.773577514169274 0.549548251428859
2.779770505897109 0.5475347196256495
2.773577514169274 0.549548251428859
-2.753039835870239 0.5565106986359059
-2.746649577138505 0.5587155059238558
-2.746649577138505 0.5587155059238558
-2.737673598128248 0.5618853488799773
-2.728697619117992 0.5654866776461625
-2.737673598128248 0.5618853488799773
-2.728697619117992 0.5654866776461625
-2.728697619117992 0.5654866776461625
-2.728697619117992 0.5654866776461625
2.728697619117991 0.5654866776461625
2.728697619117991 0.5654866776461625
2.728697619117991 0.5654866776461625
2.728697619117991 0.5654866776461625
2.737673598128247 0.5618853488799777
2.737673598128247 0.5618853488799777
2.746649577138504 0.5587155059238558
2.753039835870238 0.5565106986359059
2.746649577138505 0.5587155059238558
-2.728697619117992 0.5654866776461627
-2.728697619117992 0.5654866776461627
-2.728697619117992 0.5654866776461627
-2.728697619117992 0.5654866776461627
-2.719721640107736 0.5684055198023517
-2.719721640107735 0.5684055198023517
-2.710745661097479 0.5717501482065707
-2.703620935605633 0.5744626566564193
-2.710745661097479 0.5717501482065707
2.703620935605633 0.5744626566564193
2.710745661097478 0.5717501482065708
2.710745661097478 0.5717501482065708
2.719721640107735 0.5684055198023519
2.728697619117991 0.5654866776461627
2.719721640107735 0.5684055198023519
2.728697619117991 0.5654866776461627
2.728697619117991 0.5654866776461627
2.728697619117991 0.5654866776461627
-2.703620935605633 0.574462656656419
-2.701769682087222 0.575158527825638
-2.701769682087222 0.575158527825638
-2.692793703076966 0.5786021951200034
-2.692793703076966 0.5786021951200034
-2.683817724066709 0.5821186969514149
-2.680514624957427 0.5834386356666756
-2.683817724066709 0.5821186969514149
2.680514624957427 0.5834386356666756
2.683817724066708 0.5821186969514153
2.683817724066708 0.5821186969514153
2.692793703076965 0.5786021951200038
2.692793703076965 0.5786021951200038
2.701769682087221 0.575158527825638
2.703620935605633 0.574462656656419
2.701769682087222 0.575158527825638
-2.680514624957427 0.5834386356666754
-2.674841745056453 0.5856775740639434
-2.674841745056452 0.5856775740639434
-2.665865766046196 0.5892908619193968
-2.65688978703594 0.592414614676932
-2.665865766046196 0.5892908619193968
-2.65688978703594 0.592414614676932
-2.656889787035939 0.592414614676932
-2.656889787035939 0.592414614676932
2.656889787035938 0.592414614676932
2.656889787035938 0.592414614676932
2.656889787035939 0.592414614676932
2.656889787035939 0.592414614676932
2.665865766046196 0.5892908619193969
2.665865766046196 0.5892908619193969
2.674841745056452 0.5856775740639436
2.680514624957427 0.5834386356666754
2.674841745056452 0.5856775740639436
-2.65688978703594 0.5924146146769322
-2.65688978703594 0.5924146146769322
-2.656889787035939 0.5924146146769322
-2.656889787035939 0.5924146146769322
-2.647913808025683 0.5966777172412167
-2.647913808025683 0.5966777172412167
-2.638937829015426 0.6004581736861083
-2.636763271318763 0.6013905936871888
-2.638937829015426 0.6004581736861083
2.636763271318763 0.6013905936871888
2.638937829015426 0.6004581736861085
2.638937829015426 0.6004581736861085
2.647913808025682 0.5966777172412171
2.656889787035938 0.5924146146769322
2.647913808025682 0.5966777172412171
2.656889787035938 0.5924146146769322
2.656889787035939 0.5924146146769322
2.656889787035939 0.5924146146769322
-2.636763271318763 0.6013905936871886
-2.62996185000517 0.60427276825925
-2.62996185000517 0.60427276825925
-2.620985870994913 0.6081466045645617
-2.615932390699653 0.6103665726974452
-2.620985870994913 0.6081466045645617
2.615932390699653 0.6103665726974452
2.620985870994913 0.6081466045645618
2.620985870994913 0.6081466045645618
2.629961850005169 0.6042727682592502
2.636763271318763 0.6013905936871886
2.629961850005169 0.6042727682592502
-2.615932390699653 0.6103665726974454
-2.612009891984657 0.6120700109538161
-2.612009891984656 0.6120700109538161
-2.6030339129744 0.6160359812290604
-2.595680256215107 0.619342551707702
-2.6030339129744 0.6160359812290604
2.595680256215106 0.619342551707702
2.603033912974399 0.6160359812290604
2.6030339129744 0.6160359812290604
2.612009891984656 0.6120700109538161
2.615932390699653 0.6103665726974454
2.612009891984656 0.6120700109538161
-2.595680256215107 0.6193425517077018
-2.594057933964144 0.6200638977814544
-2.594057933964144 0.6200638977814544
-2.585081954953887 0.6241208557964034
-2.57610597594363 0.6283185307179584
-2.585081954953887 0.6241208557964034
-2.57610597594363 0.6283185307179584
-2.57610597594363 0.6283185307179584
-2.57610597594363 0.6283185307179584
2.57610597594363 0.6283185307179584
2.57610597594363 0.6283185307179584
2.57610597594363 0.6283185307179584
2.57610597594363 0.6283185307179584
2.585081954953886 0.6241208557964036
2.585081954953886 0.6241208557964036
2.594057933964143 0.6200638977814548
2.595680256215106 0.6193425517077018
2.594057933964143 0.6200638977814548
-2.57610597594363 0.6283185307179582
-2.57610597594363 0.6283185307179582
-2.57610597594363 0.6283185307179582
-2.57610597594363 0.6283185307179582
-2.567129996933374 0.6323962001918996
-2.567129996933374 0.6323962001918996
-2.558154017923117 0.6366133018924126
-2.556726112659852 0.6372945097282148
-2.558154017923117 0.6366133018924126
2.556726112659852 0.6372945097282148
2.558154017923116 0.6366133018924126
2.558154017923117 0.6366133018924126
2.567129996933374 0.6323962001918996
2.57610597594363 0.6283185307179582
2.567129996933374 0.6323962001918996
2.57610597594363 0.6283185307179582
2.57610597594363 0.6283185307179582
2.57610597594363 0.6283185307179582
-2.556726112659852 0.637294509728215
-2.549178038912861 0.6408573778872291
-2.549178038912861 0.6408573778872291
-2.540202059902605 0.6451630569186936
-2.53792775746652 0.6462704887384716
-2.540202059902604 0.6451630569186936
2.53792775746652 0.6462704887384716
2.540202059902604 0.6451630569186938
2.540202059902604 0.6451630569186938
2.54917803891286 0.6408573778872295
2.556726112659852 0.637294509728215
2.54917803891286 0.6408573778872295
-2.53792775746652 0.6462704887384714
-2.531226080892348 0.6495001179725752
-2.531226080892348 0.6495001179725752
-2.522250101882091 0.653893523313719
-2.51952610931126 0.655246467748728
-2.522250101882091 0.653893523313719
2.51952610931126 0.655246467748728
2.522250101882091 0.653893523313719
2.522250101882091 0.653893523313719
2.531226080892347 0.6495001179725756
2.53792775746652 0.6462704887384714
2.531226080892347 0.6495001179725756
-2.51952610931126 0.6552464677487282
-2.513274122871834 0.6583204913374106
-2.513274122871834 0.6583204913374106
-2.504298143861578 0.6628008508765576
-2.501490375057433 0.6642224467589848
-2.504298143861578 0.6628008508765576
2.501490375057433 0.6642224467589848
2.504298143861577 0.662800850876558
2.504298143861577 0.662800850876558
2.513274122871834 0.6583204913374106
2.51952610931126 0.6552464677487282
2.513274122871834 0.6583204913374106
-2.501490375057433 0.6642224467589846
-2.495322164851322 0.6673148887582959
-2.495322164851321 0.6673148887582959
-2.486346185841065 0.6718815052114421
-2.483793182381138 0.6731984257692412
-2.486346185841065 0.6718815052114421
2.483793182381138 0.6731984257692412
2.486346185841064 0.6718815052114424
2.486346185841064 0.6718815052114424
2.495322164851321 0.6673148887582961
2.501490375057433 0.6642224467589846
2.495322164851321 0.6673148887582961
-2.483793182381138 0.6731984257692409
-2.477370206830809 0.6764800007131815
-2.477370206830808 0.6764800007131815
-2.468394227820552 0.6811322477921752
-2.466410128264289 0.6821744047794975
-2.468394227820552 0.6811322477921752
2.466410128264288 0.6821744047794975
2.468394227820551 0.6811322477921752
2.468394227820552 0.6811322477921752
2.477370206830808 0.6764800007131815
2.483793182381138 0.6731984257692409
2.477370206830808 0.6764800007131815
-2.466410128264289 0.6821744047794978
-2.459418248810295 0.6858127987602892
-2.450442269800039 0.6911503837897544
-2.459418248810295 0.6858127987602892
-2.450442269800039 0.6911503837897544
-2.450442269800039 0.6911503837897544
-2.450442269800039 0.6911503837897544
2.450442269800038 0.6911503837897544
2.450442269800038 0.6911503837897544
2.450442269800038 0.6911503837897544
2.450442269800038 0.6911503837897544
2.459418248810294 0.6858127987602897
2.466410128264288 0.6821744047794978
2.459418248810294 0.6858127987602897
-2.450442269800039 0.6911503837897541
-2.450442269800039 0.6911503837897541
-2.450442269800039 0.6911503837897541
-2.450442269800039 0.6911503837897541
-2.441466290789782 0.695310518336111
-2.432490311779526 0.7001263628000107
-2.441466290789782 0.695310518336111
-2.432490311779526 0.7001263628000107
-2.432490311779525 0.7001263628000107
-2.432490311779525 0.7001263628000107
2.432490311779525 0.7001263628000107
2.432490311779525 0.7001263628000107
2.432490311779525 0.7001263628000107
2.432490311779525 0.7001263628000107
2.441466290789782 0.6953105183361112
2.450442269800038 0.6911503837897541
2.441466290789782 0.6953105183361112
2.450442269800038 0.6911503837897541
2.450442269800038 0.6911503837897541
2.450442269800038 0.6911503837897541
-2.432490311779526 0.7001263628000109
-2.432490311779526 0.7001263628000109
-2.432490311779525 0.7001263628000109
-2.432490311779525 0.7001263628000109
-2.423514332769269 0.7049706428415895
-2.415952890245727 0.7091023418102675
-2.423514332769269 0.7049706428415895
2.415952890245727 0.7091023418102675
2.423514332769268 0.7049706428415895
2.432490311779525 0.7001263628000109
2.423514332769269 0.7049706428415895
2.432490311779525 0.7001263628000109
2.432490311779525 0.7001263628000109
2.432490311779525 0.7001263628000109
-2.415952890245727 0.7091023418102673
-2.414538353759013 0.7098686222518121
-2.414538353759013 0.7098686222518121
-2.405562374748756 0.7147908888984178
-2.399644960485105 0.7180783208205239
-2.405562374748756 0.7147908888984178
2.399644960485105 0.7180783208205239
2.405562374748755 0.714790888898418
2.405562374748755 0.714790888898418
2.414538353759012 0.7098686222518127
2.415952890245727 0.7091023418102673
2.414538353759012 0.7098686222518127
-2.399644960485105 0.7180783208205237
-2.396586395738499 0.7197632930077958
-2.396586395738499 0.7197632930077958
-2.387610416728243 0.7247691926688288
-2.38356317860529 0.7270542998307803
-2.387610416728243 0.7247691926688288
2.38356317860529 0.7270542998307803
2.387610416728243 0.7247691926688288
2.387610416728243 0.7247691926688288
2.396586395738499 0.7197632930077961
2.399644960485105 0.7180783208205237
2.396586395738499 0.7197632930077961
-2.38356317860529 0.7270542998307805
-2.378634437717986 0.7298144520821466
-2.378634437717986 0.7298144520821466
-2.36965845870773 0.7349036971423739
-2.36769437501441 0.7360302788410371
-2.36965845870773 0.7349036971423739
2.36769437501441 0.7360302788410371
2.369658458707729 0.7349036971423745
2.369658458707729 0.7349036971423745
2.378634437717985 0.7298144520821466
2.38356317860529 0.7270542998307805
2.378634437717986 0.7298144520821466
-2.36769437501441 0.7360302788410369
-2.360682479697473 0.7400203870580896
-2.351706500687217 0.7450062578512935
-2.360682479697473 0.7400203870580896
-2.351706500687217 0.7450062578512935
-2.351706500687217 0.7450062578512935
-2.351706500687217 0.7450062578512935
2.351706500687216 0.7450062578512935
2.351706500687216 0.7450062578512935
2.351706500687216 0.7450062578512935
2.351706500687216 0.7450062578512935
2.360682479697473 0.7400203870580899
2.36769437501441 0.7360302788410369
2.360682479697473 0.7400203870580899
-2.351706500687217 0.7450062578512937
-2.351706500687217 0.7450062578512937
-2.351706500687217 0.7450062578512937
-2.351706500687217 0.7450062578512937
-2.34273052167696 0.7503795719828633
-2.336573275970078 0.7539822368615503
-2.34273052167696 0.7503795719828633
2.336573275970078 0.7539822368615503
2.34273052167696 0.7503795719828633
2.351706500687216 0.7450062578512937
2.34273052167696 0.7503795719828633
2.351706500687216 0.7450062578512937
2.351706500687216 0.7450062578512937
2.351706500687216 0.7450062578512937
-2.336573275970078 0.7539822368615501
-2.333754542666703 0.7556191227633695
-2.333754542666703 0.7556191227633695
-2.324778563656447 0.7608906569537339
-2.321297542430729 0.7629582158718067
-2.324778563656447 0.7608906569537339
2.321297542430729 0.7629582158718067
2.324778563656446 0.7608906569537345
2.324778563656446 0.7608906569537345
2.333754542666703 0.7556191227633695
2.336573275970078 0.7539822368615501
2.333754542666703 0.7556191227633695
-2.321297542430729 0.7629582158718065
-2.315802584646191 0.7661981435606312
-2.306826605635934 0.7719341948820631
-2.31580258464619 0.7661981435606312
-2.306826605635934 0.7719341948820631
-2.306826605635934 0.7719341948820631
-2.306826605635934 0.7719341948820631
2.306826605635933 0.7719341948820631
2.306826605635933 0.7719341948820631
2.306826605635933 0.7719341948820631
2.306826605635933 0.7719341948820631
2.31580258464619 0.7661981435606313
2.321297542430729 0.7629582158718065
2.31580258464619 0.7661981435606313
-2.306826605635934 0.7719341948820633
-2.306826605635934 0.7719341948820633
-2.306826605635934 0.7719341948820633
-2.306826605635934 0.7719341948820633
-2.297850626625678 0.776926928421628
-2.291270943428265 0.7809101738923199
-2.297850626625677 0.776926928421628
2.291270943428265 0.7809101738923199
2.297850626625677 0.776926928421628
2.306826605635933 0.7719341948820633
2.297850626625677 0.776926928421628
2.306826605635933 0.7719341948820633
2.306826605635933 0.7719341948820633
2.306826605635933 0.7719341948820633
-2.291270943428265 0.7809101738923196
-2.288874647615421 0.7823508423870055
-2.288874647615421 0.7823508423870055
-2.279898668605164 0.7878045599019711
-2.276509055568683 0.7898861529025762
-2.279898668605164 0.7878045599019711
2.276509055568682 0.7898861529025762
2.279898668605163 0.7878045599019716
2.279898668605163 0.7878045599019716
2.28887464761542 0.7823508423870055
2.291270943428265 0.7809101738923196
2.288874647615421 0.7823508423870055
-2.276509055568683 0.7898861529025765
-2.270922689594908 0.7932938042062819
-2.261946710584651 0.7988621319128331
-2.270922689594908 0.7932938042062819
-2.261946710584651 0.7988621319128331
-2.261946710584651 0.7988621319128331
-2.261946710584651 0.7988621319128331
2.261946710584651 0.7988621319128331
2.261946710584651 0.7988621319128331
2.261946710584651 0.7988621319128331
2.261946710584651 0.7988621319128331
2.270922689594907 0.7932938042062821
2.276509055568682 0.7898861529025765
2.270922689594907 0.7932938042062821
-2.261946710584651 0.7988621319128328
-2.261946710584651 0.7988621319128328
-2.261946710584651 0.7988621319128328
-2.261946710584651 0.7988621319128328
-2.252970731574395 0.8043841714812799
-2.247448762783803 0.8078381109230894
-2.252970731574394 0.8043841714812799
2.247448762783803 0.8078381109230894
2.252970731574394 0.8043841714812799
2.261946710584651 0.7988621319128328
2.252970731574394 0.8043841714812799
2.261946710584651 0.7988621319128328
2.261946710584651 0.7988621319128328
2.261946710584651 0.7988621319128328
-2.247448762783803 0.8078381109230892
-2.243994752564138 0.8099848952829516
-2.243994752564138 0.8099848952829516
-2.235018773553882 0.8156213976457332
-2.233137893366463 0.8168140899333458
-2.235018773553882 0.8156213976457332
2.233137893366463 0.8168140899333458
2.235018773553881 0.8156213976457336
2.235018773553881 0.8156213976457336
2.243994752564137 0.8099848952829516
2.247448762783803 0.8078381109230892
2.243994752564138 0.8099848952829516
-2.233137893366463 0.816814089933346
-2.226042794543625 0.8212856029809469
-2.218970141237086 0.8257900689436026
-2.226042794543625 0.8212856029809469
2.218970141237085 0.8257900689436026
2.226042794543624 0.8212856029809471
2.233137893366463 0.816814089933346
2.226042794543624 0.8212856029809471
-2.218970141237086 0.8257900689436024
-2.217066815533368 0.8269950417837431
-2.217066815533368 0.8269950417837431
-2.208090836523112 0.8327323245063494
-2.204940064217435 0.834766047953859
-2.208090836523112 0.8327323245063494
2.204940064217435 0.834766047953859
2.208090836523112 0.8327323245063494
2.208090836523112 0.8327323245063494
2.217066815533368 0.8269950417837434
2.218970141237085 0.8257900689436024
2.217066815533368 0.8269950417837434
-2.204940064217435 0.8347660479538592
-2.199114857512855 0.8385043281121612
-2.191035732370437 0.8437420269641158
-2.199114857512855 0.8385043281121612
2.191035732370437 0.8437420269641158
2.199114857512854 0.8385043281121612
2.204940064217435 0.8347660479538592
2.199114857512855 0.8385043281121612
-2.191035732370437 0.8437420269641156
-2.190138878502599 0.8443201972348082
-2.190138878502599 0.8443201972348082
-2.181162899492342 0.8501591177911917
-2.177267193418142 0.8527180059743722
-2.181162899492342 0.8501591177911917
2.177267193418142 0.8527180059743722
2.181162899492342 0.850159117791192
2.181162899492342 0.850159117791192
2.190138878502598 0.8443201972348088
2.191035732370437 0.8437420269641156
2.190138878502598 0.8443201972348088
-2.177267193418142 0.852718005974372
-2.172186920482086 0.8560368763824643
-2.163210941471829 0.8616939849846286
-2.172186920482086 0.8560368763824643
-2.163210941471829 0.8616939849846286
-2.163210941471829 0.8616939849846286
-2.163210941471829 0.8616939849846286
2.163210941471829 0.8616939849846286
2.163210941471829 0.8616939849846286
2.163210941471829 0.8616939849846286
2.163210941471829 0.8616939849846286
2.172186920482085 0.8560368763824645
2.177267193418142 0.852718005974372
2.172186920482085 0.8560368763824645
-2.163210941471829 0.8616939849846288
-2.163210941471829 0.8616939849846288
-2.163210941471829 0.8616939849846288
-2.163210941471829 0.8616939849846288
-2.154234962461572 0.8678988533530118
-2.150088209348519 0.8706699639948854
-2.154234962461572 0.8678988533530118
2.150088209348518 0.8706699639948854
2.154234962461572 0.8678988533530118
2.163210941471829 0.8616939849846288
2.154234962461572 0.8678988533530118
2.163210941471829 0.8616939849846288
2.163210941471829 0.8616939849846288
2.163210941471829 0.8616939849846288
-2.150088209348519 0.8706699639948852
-2.145258983451316 0.8738807379087894
-2.13628300444106 0.8796459430051418
-2.145258983451316 0.8738807379087894
-2.13628300444106 0.8796459430051418
-2.13628300444106 0.8796459430051418
-2.13628300444106 0.8796459430051418
2.136283004441059 0.8796459430051418
2.136283004441059 0.8796459430051418
2.136283004441059 0.8796459430051418
2.136283004441059 0.8796459430051418
2.145258983451315 0.87388073790879
2.150088209348518 0.8706699639948852
2.145258983451315 0.87388073790879
-2.13628300444106 0.8796459430051415
-2.13628300444106 0.8796459430051415
-2.13628300444106 0.8796459430051415
-2.13628300444106 0.8796459430051415
-2.127307025430803 0.8859495196403273
-2.123375339932705 0.8886219220153981
-2.127307025430803 0.8859495196403273
2.123375339932705 0.8886219220153981
2.127307025430802 0.8859495196403275
2.136283004441059 0.8796459430051415
2.127307025430802 0.8859495196403275
2.136283004441059 0.8796459430051415
2.136283004441059 0.8796459430051415
2.136283004441059 0.8796459430051415
-2.123375339932705 0.8886219220153979
-2.118331046420546 0.8920342791514865
-2.110182028112519 0.8975979010256545
-2.118331046420546 0.8920342791514865
2.110182028112519 0.8975979010256545
2.118331046420546 0.8920342791514865
2.123375339932705 0.8886219220153979
2.118331046420546 0.8920342791514865
-2.110182028112519 0.8975979010256552
-2.10935506741029 0.8981598989602594
-2.10935506741029 0.8981598989602594
-2.100379088400033 0.9043099384827973
-2.097103703016255 0.9065738800359118
-2.100379088400033 0.9043099384827973
2.097103703016255 0.9065738800359118
2.100379088400032 0.9043099384827979
2.100379088400032 0.9043099384827979
2.109355067410289 0.8981598989602594
2.110182028112519 0.8975979010256552
2.10935506741029 0.8981598989602594
-2.097103703016255 0.9065738800359116
-2.091403109389777 0.9104966679202654
-2.084124915611253 0.9155498590461681
-2.091403109389777 0.9104966679202654
2.084124915611252 0.9155498590461681
2.091403109389776 0.910496667920266
2.097103703016255 0.9065738800359116
2.091403109389776 0.910496667920266
-2.084124915611253 0.9155498590461679
-2.082427130379521 0.9167235711497681
-2.08242713037952 0.9167235711497681
-2.073451151369264 0.9229796943598937
-2.071250960273449 0.9245258380564245
-2.073451151369263 0.9229796943598937
2.071250960273449 0.9245258380564245
2.073451151369263 0.9229796943598937
2.073451151369263 0.9229796943598937
2.08242713037952 0.9167235711497684
2.084124915611252 0.9155498590461679
2.08242713037952 0.9167235711497684
-2.071250960273449 0.9245258380564243
-2.064475172359007 0.929267806242692
-2.058477080359394 0.9335018170666809
-2.064475172359007 0.929267806242692
2.058477080359393 0.9335018170666809
2.064475172359006 0.929267806242692
2.071250960273449 0.9245258380564243
2.064475172359007 0.929267806242692
-2.058477080359394 0.9335018170666807
-2.055499193348751 0.935595541949788
-2.046523214338494 0.9424777960769373
-2.055499193348751 0.935595541949788
-2.046523214338494 0.9424777960769373
-2.046523214338494 0.9424777960769373
-2.046523214338494 0.9424777960769373
2.046523214338493 0.9424777960769373
2.046523214338493 0.9424777960769373
2.046523214338493 0.9424777960769373
2.046523214338493 0.9424777960769373
2.05549919334875 0.9355955419497886
2.058477080359393 0.9335018170666807
2.05549919334875 0.9355955419497886
-2.046523214338494 0.9424777960769379
-2.046523214338494 0.9424777960769379
-2.046523214338494 0.9424777960769379
-2.046523214338494 0.9424777960769379
-2.037547235328238 0.9483482698834775
-2.033219245962453 0.9514537750871945
-2.037547235328237 0.9483482698834775
2.033219245962453 0.9514537750871945
2.037547235328237 0.9483482698834779
2.046523214338493 0.9424777960769379
2.037547235328237 0.9483482698834779
2.046523214338493 0.9424777960769379
2.046523214338493 0.9424777960769379
2.046523214338493 0.9424777960769379
-2.033219245962453 0.9514537750871943
-2.028571256317981 0.9547766687907351
-2.020728695409468 0.9604297540974509
-2.028571256317981 0.9547766687907351
2.020728695409468 0.9604297540974509
2.028571256317981 0.9547766687907351
2.033219245962453 0.9514537750871943
2.028571256317981 0.9547766687907351
-2.020728695409468 0.9604297540974507
-2.019595277307724 0.9612438657189142
-2.019595277307724 0.9612438657189142
-2.010619298297468 0.9677392534660449
-2.008334050185657 0.9694057331077073
-2.010619298297468 0.9677392534660449
2.008334050185657 0.9694057331077073
2.010619298297467 0.9677392534660456
2.010619298297467 0.9677392534660456
2.019595277307723 0.9612438657189142
2.020728695409468 0.9604297540974507
2.019595277307724 0.9612438657189142
-2.008334050185657 0.9694057331077071
-2.001643319287211 0.9742684063476236
-1.996028523735378 0.9783817121179637
-2.001643319287211 0.9742684063476236
1.996028523735378 0.9783817121179637
2.001643319287211 0.9742684063476242
2.008334050185657 0.9694057331077071
2.001643319287211 0.9742684063476242
-1.996028523735378 0.9783817121179634
-1.992667340276955 0.9808361027802143
-1.983691361266698 0.98735769112822
-1.992667340276955 0.9808361027802143
-1.983691361266698 0.98735769112822
-1.983691361266698 0.98735769112822
-1.983691361266698 0.98735769112822
1.983691361266698 0.98735769112822
1.983691361266698 0.98735769112822
1.983691361266698 0.98735769112822
1.983691361266698 0.98735769112822
1.992667340276954 0.9808361027802147
1.996028523735378 0.9783817121179634
1.992667340276954 0.9808361027802147
-1.983691361266698 0.9873576911282207
-1.983691361266698 0.9873576911282207
-1.983691361266698 0.9873576911282207
-1.983691361266698 0.9873576911282207
-1.974715382256441 0.9940727584003289
-1.97167812088215 0.9963336701384773
-1.974715382256441 0.9940727584003289
1.97167812088215 0.9963336701384773
1.974715382256441 0.9940727584003289
1.983691361266698 0.9873576911282207
1.974715382256441 0.9940727584003289
1.983691361266698 0.9873576911282207
1.983691361266698 0.9873576911282207
1.983691361266698 0.9873576911282207
-1.97167812088215 0.9963336701384771
-1.965739403246185 1.000741390195154
-1.959630963573475 1.005309649148734
-1.965739403246185 1.000741390195154
1.959630963573475 1.005309649148734
1.965739403246184 1.000741390195155
1.97167812088215 0.9963336701384771
1.965739403246184 1.000741390195155
-1.959630963573475 1.005309649148733
-1.956763424235928 1.007448139571535
-1.947787445225672 1.01428562815899
-1.956763424235928 1.007448139571535
-1.947787445225672 1.01428562815899
-1.947787445225672 1.01428562815899
-1.947787445225672 1.01428562815899
1.947787445225672 1.01428562815899
1.947787445225672 1.01428562815899
1.947787445225671 1.01428562815899
1.947787445225671 1.01428562815899
1.956763424235928 1.007448139571535
1.959630963573475 1.005309649148733
1.956763424235928 1.007448139571535
-1.947787445225672 1.01428562815899
-1.947787445225672 1.01428562815899
-1.947787445225672 1.01428562815899
-1.947787445225672 1.01428562815899
-1.938811466215415 1.020962451726333
-1.935785387407966 1.023261607169246
-1.938811466215415 1.020962451726333
1.935785387407966 1.023261607169246
1.938811466215415 1.020962451726334
1.947787445225672 1.01428562815899
1.938811466215415 1.020962451726334
1.947787445225672 1.01428562815899
1.947787445225671 1.01428562815899
1.947787445225671 1.01428562815899
-1.935785387407966 1.023261607169246
-1.929835487205159 1.027770779736445
-1.923984028661207 1.032237586179503
-1.929835487205159 1.027770779736445
1.923984028661207 1.032237586179503
1.929835487205158 1.027770779736445
1.935785387407966 1.023261607169246
1.929835487205159 1.027770779736445
-1.923984028661207 1.032237586179503
-1.920859508194902 1.034617007083217
-1.911883529184646 1.04121356518976
-1.920859508194902 1.034617007083217
-1.911883529184646 1.04121356518976
-1.911883529184646 1.04121356518976
-1.911883529184646 1.04121356518976
1.911883529184645 1.04121356518976
1.911883529184645 1.04121356518976
1.911883529184645 1.04121356518976
1.911883529184645 1.04121356518976
1.920859508194902 1.034617007083217
1.923984028661207 1.032237586179503
1.920859508194901 1.034617007083217
-1.911883529184646 1.04121356518976
-1.911883529184646 1.04121356518976
-1.911883529184646 1.04121356518976
-1.911883529184646 1.04121356518976
-1.902907550174389 1.048413303985378
-1.900616791815856 1.050189544200016
-1.902907550174389 1.048413303985378
1.900616791815856 1.050189544200016
1.902907550174389 1.048413303985379
1.911883529184645 1.04121356518976
1.902907550174389 1.048413303985379
1.911883529184645 1.04121356518976
1.911883529184645 1.04121356518976
1.911883529184645 1.04121356518976
-1.900616791815856 1.050189544200016
-1.893931571164132 1.055362169476114
-1.889049812523826 1.059165523210273
-1.893931571164132 1.055362169476114
1.889049812523826 1.059165523210273
1.893931571164132 1.055362169476114
1.900616791815856 1.050189544200016
1.893931571164132 1.055362169476114
-1.889049812523826 1.059165523210273
-1.884955592153876 1.062348904410562
-1.877556172501775 1.068141502220529
-1.884955592153876 1.062348904410562
1.877556172501775 1.068141502220529
1.884955592153875 1.062348904410562
1.889049812523826 1.059165523210273
1.884955592153876 1.062348904410562
-1.877556172501775 1.068141502220529
-1.875979613143619 1.069373377426128
-1.875979613143619 1.069373377426128
-1.867003634133363 1.076432173315253
-1.866137497036838 1.077117481230786
-1.867003634133363 1.076432173315253
1.866137497036839 1.077117481230786
1.867003634133362 1.076432173315254
1.867003634133362 1.076432173315254
1.875979613143619 1.069373377426129
1.877556172501775 1.068141502220529
1.875979613143619 1.069373377426129
-1.866137497036838 1.077117481230786
-1.858027655123106 1.083522982008224
-1.854794498889166 1.086093460241043
-1.858027655123106 1.083522982008224
1.854794498889166 1.086093460241043
1.858027655123106 1.083522982008225
1.866137497036839 1.077117481230786
1.858027655123106 1.083522982008225
-1.854794498889166 1.086093460241043
-1.84905167611285 1.090651801842559
-1.843522013635498 1.095069439251299
-1.84905167611285 1.090651801842559
1.843522013635498 1.095069439251299
1.84905167611285 1.090651801842559
1.854794498889166 1.086093460241043
1.849051676112849 1.090651801842559
-1.843522013635498 1.095069439251299
-1.840075697102593 1.097818554662081
-1.832319334787135 1.104045418261556
-1.840075697102593 1.097818554662081
1.832319334787135 1.104045418261556
1.840075697102592 1.097818554662081
1.843522013635498 1.095069439251299
1.840075697102593 1.097818554662081
-1.832319334787135 1.104045418261555
-1.831099718092337 1.105023179195479
-1.831099718092337 1.105023179195479
-1.82212373908208 1.112262280940968
-1.821187921303247 1.113021397271812
-1.82212373908208 1.112262280940968
1.821187921303248 1.113021397271812
1.82212373908208 1.112262280940968
1.822123739082079 1.112262280940968
1.831099718092336 1.10502317919548
1.832319334787135 1.104045418261555
1.831099718092336 1.10502317919548
-1.821187921303247 1.113021397271812
-1.813147760071824 1.119535260096578
-1.810127311191205 1.121997376282068
-1.813147760071824 1.119535260096578
1.810127311191205 1.121997376282068
1.813147760071823 1.119535260096579
1.821187921303248 1.113021397271812
1.813147760071823 1.119535260096579
-1.810127311191205 1.121997376282069
-1.804171781061567 1.126846519800705
-1.799133925686059 1.130973355292326
-1.804171781061567 1.126846519800705
1.799133925686059 1.130973355292326
1.804171781061567 1.126846519800705
1.810127311191205 1.121997376282069
1.804171781061567 1.126846519800705
-1.799133925686059 1.130973355292325
-1.79519580205131 1.134196046466193
-1.788207104025305 1.139949334302582
-1.79519580205131 1.134196046466193
1.788207104025305 1.139949334302582
1.79519580205131 1.134196046466193
1.799133925686059 1.130973355292325
1.79519580205131 1.134196046466193
-1.788207104025305 1.139949334302582
-1.786219823041054 1.141583841708531
-1.777243844030797 1.148925313312838
-1.786219823041054 1.141583841708531
-1.777243844030797 1.148925313312838
-1.777243844030797 1.148925313312838
-1.777243844030797 1.148925313312838
1.777243844030797 1.148925313312838
1.777243844030797 1.148925313312838
1.777243844030797 1.148925313312838
1.777243844030797 1.148925313312838
1.786219823041053 1.141583841708531
1.788207104025305 1.139949334302582
1.786219823041053 1.141583841708531
-1.777243844030797 1.148925313312838
-1.777243844030797 1.148925313312838
-1.777243844030797 1.148925313312838
-1.777243844030797 1.148925313312838
-1.768267865020541 1.156468695916915
-1.766553619313642 1.157901292323095
-1.768267865020541 1.156468695916915
1.766553619313642 1.157901292323095
1.768267865020541 1.156468695916915
1.777243844030797 1.148925313312838
1.76826786502054 1.156468695916915
1.777243844030797 1.148925313312838
1.777243844030797 1.148925313312838
1.777243844030797 1.148925313312838
-1.766553619313642 1.157901292323094
-1.759291886010284 1.163965927065995
-1.755825441330256 1.166877271333351
-1.759291886010284 1.163965927065995
1.755825441330256 1.166877271333351
1.759291886010284 1.163965927065995
1.766553619313642 1.157901292323094
1.759291886010284 1.163965927065995
-1.755825441330256 1.166877271333352
-1.750315907000028 1.171502001617452
-1.745160846128875 1.175853250343608
-1.750315907000028 1.171502001617452
1.745160846128875 1.175853250343608
1.750315907000027 1.171502001617452
1.755825441330256 1.166877271333352
1.750315907000028 1.171502001617452
-1.745160846128875 1.175853250343608
-1.741339927989771 1.179076978040049
-1.734559220303453 1.184829229353865
-1.741339927989771 1.179076978040049
1.734559220303453 1.184829229353865
1.741339927989771 1.17907697804005
1.745160846128875 1.175853250343608
1.74133992798977 1.17907697804005
-1.734559220303453 1.184829229353864
-1.732363948979515 1.186690928289684
-1.724019955993249 1.193805208364121
-1.732363948979515 1.186690928289684
1.724019955993249 1.193805208364121
1.732363948979514 1.186690928289685
1.734559220303453 1.184829229353864
1.732363948979514 1.186690928289685
-1.724019955993249 1.193805208364121
-1.723387969969258 1.194343937506975
-1.723387969969258 1.194343937506975
-1.714411990959001 1.202033520528807
-1.713543578913662 1.202781187374377
-1.714411990959001 1.202033520528807
1.713543578913663 1.202781187374377
1.714411990959001 1.202033520528807
1.714411990959001 1.202033520528807
1.723387969969258 1.194343937506976
1.724019955993249 1.193805208364121
1.723387969969258 1.194343937506976
-1.713543578913662 1.202781187374377
-1.705436011948745 1.209760823717969
-1.703128915489449 1.211757166384634
-1.705436011948745 1.209760823717969
1.703128915489448 1.211757166384634
1.705436011948744 1.209760823717969
1.713543578913663 1.202781187374377
1.705436011948745 1.209760823717969
-1.703128915489449 1.211757166384634
-1.696460032938488 1.217527875212035
-1.692774519686774 1.220733145394891
-1.696460032938488 1.217527875212035
1.692774519686774 1.220733145394891
1.696460032938488 1.217527875212036
1.703128915489448 1.211757166384634
1.696460032938488 1.217527875212036
-1.692774519686774 1.220733145394891
-1.687484053928232 1.225334797526647
-1.682479822743949 1.229709124405147
-1.687484053928232 1.225334797526647
1.682479822743949 1.229709124405147
1.687484053928231 1.225334797526648
1.692774519686774 1.220733145394891
1.687484053928231 1.225334797526648
-1.682479822743949 1.229709124405147
-1.678508074917975 1.233181725279859
-1.672244261467096 1.238685103415404
-1.678508074917975 1.233181725279859
1.672244261467096 1.238685103415404
1.678508074917975 1.23318172527986
1.682479822743949 1.229709124405147
1.678508074917975 1.23318172527986
-1.672244261467096 1.238685103415404
-1.669532095907719 1.241068804948953
-1.662067278317737 1.24766108242566
-1.669532095907719 1.241068804948953
1.662067278317737 1.24766108242566
1.669532095907719 1.241068804948953
1.672244261467096 1.238685103415404
1.669532095907718 1.241068804948953
-1.662067278317737 1.24766108242566
-1.660556116897462 1.248996194638038
-1.651580137887206 1.256637061435917
-1.660556116897462 1.248996194638038
-1.651580137887206 1.256637061435917
-1.651580137887206 1.256637061435917
-1.651580137887206 1.256637061435917
1.651580137887205 1.256637061435917
1.651580137887205 1.256637061435917
1.651580137887205 1.256637061435917
1.651580137887205 1.256637061435917
1.660556116897461 1.248996194638038
1.662067278317737 1.24766108242566
1.660556116897462 1.248996194638038
-1.651580137887206 1.256637061435917
-1.651580137887206 1.256637061435917
-1.651580137887206 1.256637061435917
-1.651580137887206 1.256637061435917
-1.642604158876949 1.264970779763197
-1.641887308045401 1.265613040446174
-1.642604158876949 1.264970779763197
1.641887308045401 1.265613040446174
1.642604158876949 1.264970779763197
1.651580137887205 1.256637061435917
1.642604158876948 1.264970779763197
1.651580137887205 1.256637061435917
1.651580137887205 1.256637061435917
1.651580137887205 1.256637061435917
-1.641887308045401 1.265613040446174
-1.633628179866693 1.27301767608584
-1.631883294593117 1.27458901945643
-1.633628179866693 1.27301767608584
1.631883294593117 1.27458901945643
1.633628179866692 1.273017676085841
1.641887308045401 1.265613040446174
1.633628179866692 1.273017676085841
-1.631883294593117 1.27458901945643
-1.624652200856436 1.281105898709546
-1.621935493993015 1.283564998466687
-1.624652200856436 1.281105898709546
1.621935493993015 1.283564998466687
1.624652200856436 1.281105898709546
1.631883294593117 1.27458901945643
1.624652200856436 1.281105898709546
-1.621935493993015 1.283564998466686
-1.615676221846179 1.289235649176282
-1.612043392399503 1.292540977476943
-1.61567622184618 1.289235649176282
1.612043392399502 1.292540977476943
1.615676221846179 1.289235649176282
1.621935493993015 1.283564998466686
1.615676221846179 1.289235649176282
-1.612043392399503 1.292540977476943
-1.606700242835923 1.297407139584213
-1.602206481910737 1.301516956487199
-1.606700242835923 1.297407139584213
1.602206481910737 1.301516956487199
1.606700242835922 1.297407139584214
1.612043392399502 1.292540977476943
1.606700242835922 1.297407139584214
-1.602206481910737 1.3015169564872
-1.597724263825666 1.305620592402507
-1.592424260668762 1.310492935497457
-1.597724263825666 1.305620592402507
1.592424260668762 1.310492935497457
1.597724263825666 1.305620592402508
1.602206481910737 1.3015169564872
1.597724263825666 1.305620592402508
-1.592424260668762 1.310492935497456
-1.58874828481541 1.313876240293173
-1.582696232959601 1.319468914507713
-1.58874828481541 1.313876240293173
1.582696232959601 1.319468914507713
1.58874828481541 1.313876240293174
1.592424260668762 1.310492935497456
1.588748284815409 1.313876240293174
-1.582696232959601 1.319468914507713
-1.579772305805153 1.322174325939494
-1.573021909313322 1.328444893517969
-1.579772305805153 1.322174325939494
1.573021909313322 1.328444893517969
1.579772305805153 1.322174325939494
1.582696232959601 1.319468914507713
1.579772305805153 1.322174325939494
-1.573021909313322 1.328444893517969
-1.570796326794897 1.330515101880638
-1.563400806604091 1.337420872528226
-1.570796326794897 1.330515101880638
1.563400806604091 1.337420872528226
1.570796326794896 1.330515101880638
1.573021909313322 1.328444893517969
1.570796326794897 1.330515101880638
-1.563400806604091 1.337420872528226
-1.56182034778464 1.338898830352061
-1.553832448150231 1.346396851538482
-1.56182034778464 1.338898830352061
1.553832448150231 1.346396851538482
1.56182034778464 1.338898830352062
1.563400806604091 1.337420872528226
1.561820347784639 1.338898830352062
-1.553832448150231 1.346396851538483
-1.552844368774384 1.347325783131316
-1.543868389764127 1.355372830548739
-1.552844368774384 1.347325783131316
-1.543868389764127 1.355372830548739
-1.543868389764127 1.355372830548739
-1.543868389764127 1.355372830548739
1.543868389764127 1.355372830548739
1.543868389764127 1.355372830548739
1.543868389764127 1.355372830548739
1.543868389764127 1.355372830548739
1.552844368774383 1.347325783131317
1.553832448150231 1.346396851538483
1.552844368774383 1.347325783131317
-1.543868389764127 1.355372830548739
-1.543868389764127 1.355372830548739
-1.543868389764127 1.355372830548739
-1.53489241075387 1.364348809558996
-1.543868389764127 1.355372830548739
-1.53489241075387 1.364348809558996
-1.53489241075387 1.364348809558996
-1.53489241075387 1.364348809558996
1.53489241075387 1.364348809558996
1.53489241075387 1.364348809558996
1.543868389764127 1.355372830548739
1.53489241075387 1.364348809558996
1.53489241075387 1.364348809558996
1.543868389764127 1.355372830548739
1.543868389764127 1.355372830548739
1.543868389764127 1.355372830548739
-1.53489241075387 1.364348809558996
-1.53489241075387 1.364348809558996
-1.53489241075387 1.364348809558996
-1.525916431743614 1.373324788569252
-1.53489241075387 1.364348809558996
-1.525916431743614 1.373324788569252
-1.525916431743614 1.373324788569252
-1.525916431743614 1.373324788569252
1.525916431743613 1.373324788569252
1.525916431743613 1.373324788569252
1.53489241075387 1.364348809558996
1.525916431743614 1.373324788569252
1.525916431743614 1.373324788569252
1.53489241075387 1.364348809558996
1.53489241075387 1.364348809558996
1.53489241075387 1.364348809558996
-1.525916431743614 1.373324788569252
-1.525916431743614 1.373324788569252
-1.525916431743614 1.373324788569252
-1.525916431743614 1.373324788569252
-1.516940452733357 1.381470177650811
-1.516076736576746 1.382300767579508
-1.516940452733357 1.381470177650811
1.516076736576746 1.382300767579508
1.516940452733357 1.381470177650812
1.525916431743613 1.373324788569252
1.516940452733357 1.381470177650812
1.525916431743613 1.373324788569252
1.525916431743614 1.373324788569252
1.525916431743614 1.373324788569252
-1.516076736576746 1.382300767579508
-1.507964473723101 1.390117186116907
-1.506764922345929 1.391276746589765
-1.507964473723101 1.390117186116907
1.506764922345929 1.391276746589765
1.5079644737231 1.390117186116907
1.516076736576746 1.382300767579508
1.5079644737231 1.390117186116907
-1.506764922345929 1.391276746589766
-1.498988494712844 1.398809366036305
-1.497503111098126 1.400252725600022
-1.498988494712844 1.398809366036305
1.497503111098126 1.400252725600022
1.498988494712844 1.398809366036305
1.506764922345929 1.391276746589766
1.498988494712844 1.398809366036305
-1.497503111098126 1.400252725600022
-1.490012515702588 1.407547041079028
-1.48829088581057 1.409228704610278
-1.490012515702588 1.407547041079028
1.488290885810571 1.409228704610278
1.490012515702588 1.407547041079029
1.497503111098126 1.400252725600022
1.490012515702587 1.407547041079029
-1.48829088581057 1.409228704610278
-1.481036536692331 1.416330543366402
-1.479127836598877 1.418204683620535
-1.481036536692331 1.416330543366402
1.479127836598876 1.418204683620535
1.48103653669233 1.416330543366402
1.488290885810571 1.409228704610278
1.481036536692331 1.416330543366402
-1.479127836598877 1.418204683620535
-1.472060557682075 1.425160213341761
-1.470013560829358 1.427180662630791
-1.472060557682075 1.425160213341761
1.470013560829358 1.427180662630791
1.472060557682074 1.425160213341762
1.479127836598876 1.418204683620535
1.472060557682074 1.425160213341762
-1.470013560829358 1.427180662630791
-1.463084578671818 1.434036399643785
-1.460947663232228 1.436156641641048
-1.463084578671818 1.434036399643785
1.460947663232228 1.436156641641048
1.463084578671818 1.434036399643786
1.470013560829358 1.427180662630791
1.463084578671817 1.434036399643786
-1.460947663232228 1.436156641641048
-1.454108599661561 1.44295945898224
-1.451929756015862 1.445132620651305
-1.454108599661561 1.44295945898224
1.451929756015862 1.445132620651305
1.454108599661561 1.44295945898224
1.460947663232228 1.436156641641048
1.454108599661561 1.44295945898224
-1.451929756015862 1.445132620651305
-1.445132620651305 1.451929756015862
-1.44295945898224 1.454108599661561
-1.445132620651305 1.451929756015862
1.44295945898224 1.454108599661561
1.445132620651305 1.451929756015862
1.451929756015862 1.445132620651305
1.445132620651305 1.451929756015862
-1.44295945898224 1.454108599661561
-1.436156641641048 1.460947663232228
-1.434036399643787 1.463084578671818
-1.436156641641049 1.460947663232228
1.434036399643786 1.463084578671818
1.436156641641048 1.460947663232228
1.44295945898224 1.454108599661561
1.436156641641048 1.460947663232228
-1.434036399643787 1.463084578671817
-1.427180662630792 1.470013560829357
-1.425160213341762 1.472060557682074
-1.427180662630792 1.470013560829357
1.425160213341762 1.472060557682074
1.427180662630791 1.470013560829358
1.434036399643786 1.463084578671817
1.427180662630791 1.470013560829358
-1.425160213341762 1.472060557682074
-1.418204683620535 1.479127836598876
-1.416330543366402 1.48103653669233
-1.418204683620535 1.479127836598876
1.416330543366402 1.48103653669233
1.418204683620535 1.479127836598876
1.425160213341762 1.472060557682074
1.418204683620535 1.479127836598876
-1.416330543366402 1.481036536692331
-1.409228704610279 1.48829088581057
-1.407547041079029 1.490012515702588
-1.409228704610279 1.48829088581057
1.407547041079029 1.490012515702588
1.409228704610278 1.488290885810571
1.416330543366402 1.481036536692331
1.409228704610278 1.488290885810571
-1.407547041079029 1.490012515702587
-1.400252725600022 1.497503111098126
-1.398809366036305 1.498988494712844
-1.400252725600022 1.497503111098126
1.398809366036305 1.498988494712844
1.400252725600022 1.497503111098126
1.407547041079029 1.490012515702587
1.400252725600022 1.497503111098126
-1.398809366036305 1.498988494712844
-1.391276746589766 1.506764922345929
-1.390117186116908 1.5079644737231
-1.391276746589766 1.506764922345929
1.390117186116907 1.5079644737231
1.391276746589765 1.506764922345929
1.398809366036305 1.498988494712844
1.391276746589766 1.506764922345929
-1.390117186116908 1.5079644737231
-1.382300767579509 1.516076736576745
-1.381470177650812 1.516940452733357
-1.382300767579509 1.516076736576745
1.381470177650812 1.516940452733357
1.382300767579508 1.516076736576746
1.390117186116907 1.5079644737231
1.382300767579508 1.516076736576746
-1.381470177650812 1.516940452733357
-1.373324788569253 1.525916431743613
-1.373324788569253 1.525916431743613
-1.373324788569253 1.525916431743613
-1.373324788569253 1.525916431743613
1.373324788569252 1.525916431743613
1.373324788569252 1.525916431743613
1.381470177650812 1.516940452733357
1.373324788569252 1.525916431743613
1.373324788569252 1.525916431743613
-1.373324788569253 1.525916431743614
-1.373324788569253 1.525916431743614
-1.373324788569253 1.525916431743614
-1.364348809558996 1.53489241075387
-1.373324788569253 1.525916431743614
-1.364348809558996 1.53489241075387
-1.364348809558996 1.53489241075387
-1.364348809558996 1.53489241075387
1.364348809558996 1.53489241075387
1.364348809558996 1.53489241075387
1.373324788569252 1.525916431743614
1.364348809558996 1.53489241075387
1.364348809558996 1.53489241075387
1.373324788569252 1.525916431743614
1.373324788569252 1.525916431743614
1.373324788569252 1.525916431743614
-1.364348809558996 1.53489241075387
-1.364348809558996 1.53489241075387
-1.364348809558996 1.53489241075387
-1.355372830548739 1.543868389764127
-1.364348809558996 1.53489241075387
-1.355372830548739 1.543868389764127
-1.355372830548739 1.543868389764127
-1.355372830548739 1.543868389764127
1.355372830548739 1.543868389764127
1.355372830548739 1.543868389764127
1.364348809558996 1.53489241075387
1.355372830548739 1.543868389764127
1.355372830548739 1.543868389764127
1.364348809558996 1.53489241075387
1.364348809558996 1.53489241075387
1.364348809558996 1.53489241075387
-1.355372830548739 1.543868389764127
-1.355372830548739 1.543868389764127
-1.355372830548739 1.543868389764127
-1.347325783131316 1.552844368774383
-1.355372830548739 1.543868389764127
1.355372830548739 1.543868389764127
1.347325783131317 1.552844368774383
1.355372830548739 1.543868389764127
1.355372830548739 1.543868389764127
1.355372830548739 1.543868389764127
-1.347325783131316 1.552844368774383
-1.346396851538483 1.553832448150231
-1.338898830352062 1.56182034778464
-1.346396851538483 1.553832448150231
1.338898830352062 1.56182034778464
1.346396851538482 1.553832448150231
1.347325783131317 1.552844368774383
1.346396851538483 1.553832448150231
-1.338898830352062 1.561820347784639
-1.337420872528226 1.56340080660409
-1.330515101880638 1.570796326794896
-1.337420872528226 1.56340080660409
1.330515101880638 1.570796326794896
1.337420872528226 1.563400806604091
1.338898830352062 1.561820347784639
1.337420872528226 1.563400806604091
-1.330515101880638 1.570796326794897
-1.32844489351797 1.573021909313321
-1.322174325939494 1.579772305805153
-1.32844489351797 1.573021909313321
1.322174325939494 1.579772305805153
1.328444893517969 1.573021909313322
1.330515101880638 1.570796326794897
1.328444893517969 1.573021909313322
-1.322174325939494 1.579772305805153
-1.319468914507713 1.5826962329596
-1.313876240293173 1.58874828481541
-1.319468914507713 1.5826962329596
1.313876240293174 1.58874828481541
1.319468914507713 1.582696232959601
1.322174325939494 1.579772305805153
1.319468914507713 1.582696232959601
-1.313876240293173 1.588748284815409
-1.310492935497457 1.592424260668762
-1.305620592402508 1.597724263825666
-1.310492935497457 1.592424260668762
1.305620592402508 1.597724263825666
1.310492935497457 1.592424260668762
1.313876240293174 1.588748284815409
1.310492935497456 1.592424260668762
-1.305620592402508 1.597724263825666
-1.3015169564872 1.602206481910737
-1.297407139584214 1.606700242835922
-1.3015169564872 1.602206481910737
1.297407139584214 1.606700242835922
1.301516956487199 1.602206481910737
1.305620592402508 1.597724263825666
1.3015169564872 1.602206481910737
-1.297407139584214 1.606700242835922
-1.292540977476944 1.612043392399501
-1.289235649176282 1.615676221846179
-1.292540977476944 1.612043392399501
1.289235649176282 1.615676221846179
1.292540977476943 1.612043392399502
1.297407139584214 1.606700242835922
1.292540977476943 1.612043392399502
-1.289235649176282 1.615676221846179
-1.283564998466687 1.621935493993014
-1.281105898709546 1.624652200856436
-1.283564998466687 1.621935493993014
1.281105898709546 1.624652200856436
1.283564998466687 1.621935493993015
1.289235649176282 1.615676221846179
1.283564998466686 1.621935493993015
-1.281105898709546 1.624652200856436
-1.27458901945643 1.631883294593117
-1.27301767608584 1.633628179866692
-1.27458901945643 1.631883294593117
1.273017676085841 1.633628179866692
1.27458901945643 1.631883294593117
1.281105898709546 1.624652200856436
1.27458901945643 1.631883294593117
-1.27301767608584 1.633628179866692
-1.265613040446174 1.641887308045401
-1.264970779763197 1.642604158876949
-1.265613040446174 1.641887308045401
1.264970779763197 1.642604158876949
1.265613040446174 1.641887308045401
1.273017676085841 1.633628179866692
1.265613040446174 1.641887308045401
-1.264970779763197 1.642604158876948
-1.256637061435917 1.651580137887205
-1.256637061435917 1.651580137887205
-1.256637061435917 1.651580137887205
-1.256637061435917 1.651580137887205
1.256637061435917 1.651580137887205
1.256637061435917 1.651580137887205
1.264970779763197 1.642604158876948
1.256637061435917 1.651580137887205
1.256637061435917 1.651580137887205
-1.256637061435917 1.651580137887205
-1.256637061435917 1.651580137887205
-1.256637061435917 1.651580137887205
-1.248996194638038 1.660556116897461
-1.256637061435917 1.651580137887205
1.256637061435917 1.651580137887205
1.248996194638038 1.660556116897461
1.256637061435917 1.651580137887205
1.256637061435917 1.651580137887205
1.256637061435917 1.651580137887205
-1.248996194638038 1.660556116897462
-1.247661082425661 1.662067278317736
-1.241068804948953 1.669532095907719
-1.247661082425661 1.662067278317736
1.241068804948953 1.669532095907719
1.24766108242566 1.662067278317737
1.248996194638038 1.660556116897462
1.24766108242566 1.662067278317737
-1.241068804948953 1.669532095907718
-1.238685103415404 1.672244261467096
-1.23318172527986 1.678508074917975
-1.238685103415404 1.672244261467096
1.23318172527986 1.678508074917975
1.238685103415404 1.672244261467096
1.241068804948953 1.669532095907718
1.238685103415404 1.672244261467096
-1.23318172527986 1.678508074917975
-1.229709124405148 1.682479822743949
-1.225334797526647 1.687484053928231
-1.229709124405148 1.682479822743949
1.225334797526648 1.687484053928231
1.229709124405147 1.682479822743949
1.23318172527986 1.678508074917975
1.229709124405147 1.682479822743949
-1.225334797526647 1.687484053928231
-1.220733145394891 1.692774519686774
-1.217527875212036 1.696460032938488
-1.220733145394891 1.692774519686774
1.217527875212036 1.696460032938488
1.220733145394891 1.692774519686774
1.225334797526648 1.687484053928231
1.220733145394891 1.692774519686774
-1.217527875212036 1.696460032938488
-1.211757166384634 1.703128915489448
-1.20976082371797 1.705436011948744
-1.211757166384635 1.703128915489448
1.209760823717969 1.705436011948744
1.211757166384634 1.703128915489448
1.217527875212036 1.696460032938488
1.211757166384634 1.703128915489448
-1.20976082371797 1.705436011948745
-1.202781187374378 1.713543578913661
-1.202033520528807 1.714411990959001
-1.202781187374378 1.713543578913661
1.202033520528807 1.714411990959001
1.202781187374377 1.713543578913663
1.209760823717969 1.705436011948745
1.202781187374377 1.713543578913663
-1.202033520528807 1.714411990959001
-1.194343937506976 1.723387969969258
1.202033520528807 1.714411990959001
1.194343937506976 1.723387969969258
-1.194343937506976 1.723387969969258
-1.193805208364122 1.724019955993248
-1.186690928289684 1.732363948979514
-1.193805208364122 1.724019955993248
1.186690928289685 1.732363948979514
1.193805208364121 1.724019955993249
1.194343937506976 1.723387969969258
1.193805208364121 1.724019955993249
-1.186690928289684 1.732363948979514
-1.184829229353865 1.734559220303452
-1.17907697804005 1.741339927989771
-1.184829229353865 1.734559220303452
1.17907697804005 1.741339927989771
1.184829229353865 1.734559220303453
1.186690928289685 1.732363948979514
1.184829229353864 1.734559220303453
-1.17907697804005 1.74133992798977
-1.175853250343608 1.745160846128875
-1.171502001617451 1.750315907000027
-1.175853250343608 1.745160846128875
1.171502001617452 1.750315907000027
1.175853250343608 1.745160846128875
1.17907697804005 1.74133992798977
1.175853250343608 1.745160846128875
-1.171502001617451 1.750315907000028
-1.166877271333352 1.755825441330255
-1.163965927065996 1.759291886010284
-1.166877271333352 1.755825441330255
1.163965927065995 1.759291886010284
1.166877271333351 1.755825441330256
1.171502001617452 1.750315907000028
1.166877271333352 1.755825441330256
-1.163965927065996 1.759291886010284
-1.157901292323095 1.766553619313641
-1.156468695916915 1.768267865020541
-1.157901292323095 1.766553619313641
1.156468695916915 1.768267865020541
1.157901292323095 1.766553619313642
1.163965927065995 1.759291886010284
1.157901292323094 1.766553619313642
-1.156468695916915 1.76826786502054
-1.148925313312839 1.777243844030797
-1.148925313312839 1.777243844030797
-1.148925313312839 1.777243844030797
-1.148925313312839 1.777243844030797
1.148925313312838 1.777243844030797
1.148925313312838 1.777243844030797
1.156468695916915 1.76826786502054
1.148925313312838 1.777243844030797
1.148925313312838 1.777243844030797
-1.148925313312839 1.777243844030797
-1.148925313312839 1.777243844030797
-1.148925313312839 1.777243844030797
-1.141583841708531 1.786219823041053
-1.148925313312839 1.777243844030797
1.148925313312838 1.777243844030797
1.141583841708531 1.786219823041053
1.148925313312838 1.777243844030797
1.148925313312838 1.777243844030797
1.148925313312838 1.777243844030797
-1.141583841708531 1.786219823041053
-1.139949334302582 1.788207104025305
-1.134196046466192 1.79519580205131
-1.139949334302582 1.788207104025305
1.134196046466193 1.79519580205131
1.139949334302582 1.788207104025305
1.141583841708531 1.786219823041053
1.139949334302582 1.788207104025305
-1.134196046466192 1.79519580205131
-1.130973355292326 1.799133925686059
-1.126846519800705 1.804171781061567
-1.130973355292326 1.799133925686059
1.126846519800705 1.804171781061567
1.130973355292326 1.799133925686059
1.134196046466193 1.79519580205131
1.130973355292325 1.799133925686059
-1.126846519800705 1.804171781061567
-1.121997376282069 1.810127311191205
-1.119535260096579 1.813147760071823
-1.121997376282069 1.810127311191205
1.119535260096579 1.813147760071823
1.121997376282068 1.810127311191205
1.126846519800705 1.804171781061567
1.121997376282069 1.810127311191205
-1.119535260096579 1.813147760071823
-1.113021397271812 1.821187921303246
-1.112262280940968 1.82212373908208
-1.113021397271813 1.821187921303246
1.112262280940968 1.82212373908208
1.113021397271812 1.821187921303248
1.119535260096579 1.813147760071823
1.113021397271812 1.821187921303248
-1.112262280940968 1.822123739082079
-1.10502317919548 1.831099718092336
1.112262280940968 1.822123739082079
1.10502317919548 1.831099718092336
-1.10502317919548 1.831099718092336
-1.104045418261556 1.832319334787134
-1.097818554662081 1.840075697102592
-1.104045418261556 1.832319334787134
1.097818554662081 1.840075697102592
1.104045418261556 1.832319334787135
1.10502317919548 1.831099718092336
1.104045418261555 1.832319334787135
-1.097818554662081 1.840075697102593
-1.0950694392513 1.843522013635497
-1.090651801842559 1.84905167611285
-1.095069439251299 1.843522013635497
1.090651801842559 1.84905167611285
1.095069439251299 1.843522013635498
1.097818554662081 1.840075697102593
1.095069439251299 1.843522013635498
-1.090651801842559 1.849051676112849
-1.086093460241043 1.854794498889165
-1.083522982008225 1.858027655123106
-1.086093460241043 1.854794498889165
1.083522982008225 1.858027655123106
1.086093460241043 1.854794498889166
1.090651801842559 1.849051676112849
1.086093460241043 1.854794498889166
-1.083522982008225 1.858027655123106
-1.077117481230786 1.866137497036839
-1.076432173315254 1.867003634133362
-1.077117481230786 1.866137497036839
1.076432173315254 1.867003634133362
1.077117481230786 1.866137497036839
1.083522982008225 1.858027655123106
1.077117481230786 1.866137497036839
-1.076432173315254 1.867003634133362
-1.069373377426128 1.875979613143619
1.076432173315254 1.867003634133362
1.069373377426129 1.875979613143619
-1.069373377426128 1.875979613143619
-1.06814150222053 1.877556172501774
-1.062348904410562 1.884955592153875
-1.06814150222053 1.877556172501774
1.062348904410562 1.884955592153875
1.068141502220529 1.877556172501775
1.069373377426129 1.875979613143619
1.068141502220529 1.877556172501775
-1.062348904410562 1.884955592153876
-1.059165523210273 1.889049812523826
-1.055362169476114 1.893931571164132
-1.059165523210273 1.889049812523826
1.055362169476114 1.893931571164132
1.059165523210273 1.889049812523826
1.062348904410562 1.884955592153876
1.059165523210273 1.889049812523826
-1.055362169476114 1.893931571164132
-1.050189544200017 1.900616791815855
-1.048413303985378 1.902907550174389
-1.050189544200017 1.900616791815855
1.048413303985379 1.902907550174389
1.050189544200016 1.900616791815856
1.055362169476114 1.893931571164132
1.050189544200016 1.900616791815856
-1.048413303985378 1.902907550174389
-1.04121356518976 1.911883529184645
-1.04121356518976 1.911883529184645
-1.04121356518976 1.911883529184645
-1.04121356518976 1.911883529184645
1.04121356518976 1.911883529184645
1.04121356518976 1.911883529184645
1.048413303985379 1.902907550174389
1.04121356518976 1.911883529184645
1.04121356518976 1.911883529184645
-1.04121356518976 1.911883529184645
-1.04121356518976 1.911883529184645
-1.04121356518976 1.911883529184645
-1.034617007083218 1.920859508194902
-1.04121356518976 1.911883529184645
1.04121356518976 1.911883529184645
1.034617007083217 1.920859508194902
1.04121356518976 1.911883529184645
1.04121356518976 1.911883529184645
1.04121356518976 1.911883529184645
-1.034617007083218 1.920859508194901
-1.032237586179504 1.923984028661207
-1.027770779736445 1.929835487205158
-1.032237586179503 1.923984028661207
1.027770779736445 1.929835487205158
1.032237586179503 1.923984028661207
1.034617007083217 1.920859508194901
1.032237586179503 1.923984028661207
-1.027770779736445 1.929835487205159
-1.023261607169247 1.935785387407965
-1.020962451726333 1.938811466215415
-1.023261607169247 1.935785387407965
1.020962451726334 1.938811466215415
1.023261607169246 1.935785387407966
1.027770779736445 1.929835487205159
1.023261607169246 1.935785387407966
-1.020962451726333 1.938811466215415
-1.01428562815899 1.947787445225672
-1.01428562815899 1.947787445225672
-1.014285628158991 1.947787445225672
-1.014285628158991 1.947787445225672
1.01428562815899 1.947787445225672
1.01428562815899 1.947787445225672
1.020962451726334 1.938811466215415
1.01428562815899 1.947787445225672
1.01428562815899 1.947787445225672
-1.01428562815899 1.947787445225671
-1.01428562815899 1.947787445225671
-1.014285628158991 1.947787445225671
-1.007448139571535 1.956763424235928
-1.014285628158991 1.947787445225671
1.01428562815899 1.947787445225671
1.007448139571535 1.956763424235928
1.01428562815899 1.947787445225671
1.01428562815899 1.947787445225671
1.01428562815899 1.947787445225671
-1.007448139571535 1.956763424235928
-1.005309649148734 1.959630963573475
-1.000741390195155 1.965739403246184
-1.005309649148734 1.959630963573475
1.000741390195155 1.965739403246184
1.005309649148734 1.959630963573475
1.007448139571535 1.956763424235928
1.005309649148733 1.959630963573475
-1.000741390195155 1.965739403246184
-0.9963336701384773 1.971678120882149
-0.9940727584003288 1.974715382256441
-0.9963336701384775 1.971678120882149
0.9940727584003289 1.974715382256441
0.9963336701384773 1.97167812088215
1.000741390195155 1.965739403246184
0.9963336701384771 1.97167812088215
-0.9940727584003288 1.974715382256441
-0.9873576911282209 1.983691361266698
-0.9873576911282209 1.983691361266698
-0.9873576911282207 1.983691361266698
-0.9873576911282207 1.983691361266698
0.98735769112822 1.983691361266698
0.98735769112822 1.983691361266698
0.9940727584003289 1.974715382256441
0.9873576911282207 1.983691361266698
0.9873576911282207 1.983691361266698
-0.9873576911282209 1.983691361266698
-0.9873576911282209 1.983691361266698
-0.9873576911282207 1.983691361266698
-0.9808361027802146 1.992667340276954
-0.9873576911282207 1.983691361266698
0.98735769112822 1.983691361266698
0.9808361027802147 1.992667340276954
0.98735769112822 1.983691361266698
0.9873576911282207 1.983691361266698
0.9873576911282207 1.983691361266698
-0.9808361027802146 1.992667340276954
-0.9783817121179641 1.996028523735377
-0.9742684063476239 2.001643319287211
-0.9783817121179643 1.996028523735377
0.9742684063476242 2.001643319287211
0.9783817121179637 1.996028523735378
0.9808361027802147 1.992667340276954
0.9783817121179634 1.996028523735378
-0.9742684063476239 2.001643319287211
-0.9694057331077077 2.008334050185656
-0.9677392534660454 2.010619298297467
-0.9694057331077079 2.008334050185656
0.9677392534660456 2.010619298297467
0.9694057331077073 2.008334050185657
0.9742684063476242 2.001643319287211
0.9694057331077071 2.008334050185657
-0.9677392534660454 2.010619298297467
-0.9612438657189143 2.019595277307723
0.9677392534660456 2.010619298297467
0.9612438657189142 2.019595277307723
-0.9612438657189143 2.019595277307724
-0.9604297540974513 2.020728695409467
-0.9547766687907349 2.028571256317981
-0.9604297540974511 2.020728695409467
0.9547766687907351 2.028571256317981
0.9604297540974509 2.020728695409468
0.9612438657189142 2.019595277307724
0.9604297540974507 2.020728695409468
-0.9547766687907349 2.028571256317981
-0.9514537750871945 2.033219245962452
-0.9483482698834778 2.037547235328237
-0.9514537750871948 2.033219245962452
0.9483482698834779 2.037547235328237
0.9514537750871945 2.033219245962453
0.9547766687907351 2.028571256317981
0.9514537750871943 2.033219245962453
-0.9483482698834778 2.037547235328237
-0.9424777960769382 2.046523214338493
-0.9424777960769382 2.046523214338493
-0.9424777960769379 2.046523214338493
-0.9424777960769379 2.046523214338493
0.9424777960769373 2.046523214338493
0.9424777960769373 2.046523214338493
0.9483482698834779 2.037547235328237
0.9424777960769379 2.046523214338493
0.9424777960769379 2.046523214338493
-0.9424777960769382 2.046523214338493
-0.9424777960769382 2.046523214338493
-0.9424777960769379 2.046523214338493
-0.9355955419497886 2.05549919334875
-0.9424777960769379 2.046523214338493
0.9424777960769373 2.046523214338493
0.9355955419497886 2.05549919334875
0.9424777960769373 2.046523214338493
0.9424777960769379 2.046523214338493
0.9424777960769379 2.046523214338493
-0.9355955419497886 2.05549919334875
-0.9335018170666813 2.058477080359392
-0.9292678062426918 2.064475172359006
-0.9335018170666816 2.058477080359392
0.929267806242692 2.064475172359006
0.9335018170666809 2.058477080359393
0.9355955419497886 2.05549919334875
0.9335018170666807 2.058477080359393
-0.9292678062426918 2.064475172359007
-0.924525838056425 2.071250960273448
-0.9229796943598936 2.073451151369263
-0.9245258380564252 2.071250960273448
0.9229796943598937 2.073451151369263
0.9245258380564245 2.071250960273449
0.929267806242692 2.064475172359007
0.9245258380564243 2.071250960273449
-0.9229796943598936 2.073451151369263
-0.9167235711497685 2.08242713037952
0.9229796943598937 2.073451151369263
0.9167235711497684 2.08242713037952
-0.9167235711497685 2.08242713037952
-0.9155498590461686 2.084124915611252
-0.9104966679202657 2.091403109389776
-0.9155498590461684 2.084124915611252
0.910496667920266 2.091403109389776
0.9155498590461681 2.084124915611252
0.9167235711497684 2.08242713037952
0.9155498590461679 2.084124915611252
-0.9104966679202657 2.091403109389776
-0.9065738800359118 2.097103703016254
-0.9043099384827978 2.100379088400032
-0.906573880035912 2.097103703016254
0.9043099384827979 2.100379088400032
0.9065738800359118 2.097103703016255
0.910496667920266 2.091403109389776
0.9065738800359116 2.097103703016255
-0.9043099384827978 2.100379088400032
-0.8981598989602596 2.109355067410289
0.9043099384827979 2.100379088400032
0.8981598989602594 2.109355067410289
-0.8981598989602596 2.10935506741029
-0.8975979010256554 2.110182028112519
-0.8920342791514866 2.118331046420546
-0.8975979010256552 2.110182028112519
0.8920342791514865 2.118331046420546
0.8975979010256545 2.110182028112519
0.8981598989602594 2.10935506741029
0.8975979010256552 2.110182028112519
-0.8920342791514866 2.118331046420546
-0.8886219220153986 2.123375339932704
-0.8859495196403272 2.127307025430802
-0.8886219220153988 2.123375339932704
0.8859495196403275 2.127307025430802
0.8886219220153981 2.123375339932705
0.8920342791514865 2.118331046420546
0.8886219220153979 2.123375339932705
-0.8859495196403272 2.127307025430802
-0.8796459430051422 2.136283004441059
-0.8796459430051422 2.136283004441059
-0.8796459430051424 2.136283004441059
-0.8796459430051424 2.136283004441059
0.8796459430051418 2.136283004441059
0.8796459430051418 2.136283004441059
0.8859495196403275 2.127307025430802
0.8796459430051415 2.136283004441059
0.8796459430051415 2.136283004441059
-0.8796459430051422 2.136283004441059
-0.8796459430051422 2.136283004441059
-0.8796459430051424 2.136283004441059
-0.87388073790879 2.145258983451315
-0.8796459430051424 2.136283004441059
0.8796459430051418 2.136283004441059
0.87388073790879 2.145258983451315
0.8796459430051418 2.136283004441059
0.8796459430051415 2.136283004441059
0.8796459430051415 2.136283004441059
-0.87388073790879 2.145258983451315
-0.8706699639948858 2.150088209348517
-0.8678988533530115 2.154234962461572
-0.8706699639948856 2.150088209348517
0.8678988533530118 2.154234962461572
0.8706699639948854 2.150088209348518
0.87388073790879 2.145258983451315
0.8706699639948852 2.150088209348518
-0.8678988533530115 2.154234962461572
-0.861693984984629 2.163210941471829
-0.861693984984629 2.163210941471829
-0.8616939849846292 2.163210941471829
-0.8616939849846292 2.163210941471829
0.8616939849846286 2.163210941471829
0.8616939849846286 2.163210941471829
0.8678988533530118 2.154234962461572
0.8616939849846288 2.163210941471829
0.8616939849846288 2.163210941471829
-0.861693984984629 2.163210941471829
-0.861693984984629 2.163210941471829
-0.8616939849846292 2.163210941471829
-0.8560368763824647 2.172186920482085
-0.8616939849846292 2.163210941471829
0.8616939849846286 2.163210941471829
0.8560368763824645 2.172186920482085
0.8616939849846286 2.163210941471829
0.8616939849846288 2.163210941471829
0.8616939849846288 2.163210941471829
-0.8560368763824647 2.172186920482085
-0.8527180059743726 2.177267193418141
-0.8501591177911917 2.181162899492342
-0.8527180059743724 2.177267193418141
0.850159117791192 2.181162899492342
0.8527180059743722 2.177267193418142
0.8560368763824645 2.172186920482085
0.852718005974372 2.177267193418142
-0.8501591177911917 2.181162899492342
-0.8443201972348086 2.190138878502598
0.850159117791192 2.181162899492342
0.8443201972348088 2.190138878502598
-0.8443201972348086 2.190138878502598
-0.8437420269641158 2.191035732370436
-0.838504328112161 2.199114857512854
-0.843742026964116 2.191035732370436
0.8385043281121612 2.199114857512854
0.8437420269641158 2.191035732370437
0.8443201972348088 2.190138878502598
0.8437420269641156 2.191035732370437
-0.838504328112161 2.199114857512855
-0.8347660479538594 2.204940064217435
-0.8327323245063496 2.208090836523112
-0.8347660479538597 2.204940064217435
0.8327323245063494 2.208090836523112
0.834766047953859 2.204940064217435
0.8385043281121612 2.199114857512855
0.8347660479538592 2.204940064217435
-0.8327323245063496 2.208090836523112
-0.8269950417837436 2.217066815533368
0.8327323245063494 2.208090836523112
0.8269950417837434 2.217066815533368
-0.8269950417837436 2.217066815533368
-0.8257900689436031 2.218970141237085
-0.8212856029809469 2.226042794543624
-0.8257900689436029 2.218970141237085
0.8212856029809471 2.226042794543624
0.8257900689436026 2.218970141237085
0.8269950417837434 2.217066815533368
0.8257900689436024 2.218970141237085
-0.8212856029809469 2.226042794543624
-0.8168140899333463 2.233137893366462
-0.8156213976457338 2.235018773553881
-0.8168140899333465 2.233137893366462
0.8156213976457336 2.235018773553881
0.8168140899333458 2.233137893366463
0.8212856029809471 2.226042794543624
0.816814089933346 2.233137893366463
-0.8156213976457338 2.235018773553881
-0.8099848952829518 2.243994752564137
0.8156213976457336 2.235018773553881
0.8099848952829516 2.243994752564137
-0.8099848952829518 2.243994752564138
-0.8078381109230899 2.247448762783802
-0.8043841714812797 2.252970731574394
-0.8078381109230897 2.247448762783802
0.8043841714812799 2.252970731574394
0.8078381109230894 2.247448762783803
0.8099848952829516 2.243994752564138
0.8078381109230892 2.247448762783803
-0.8043841714812797 2.252970731574394
-0.7988621319128331 2.261946710584651
-0.7988621319128331 2.261946710584651
-0.7988621319128333 2.261946710584651
-0.7988621319128333 2.261946710584651
0.7988621319128331 2.261946710584651
0.7988621319128331 2.261946710584651
0.8043841714812799 2.252970731574394
0.7988621319128328 2.261946710584651
0.7988621319128328 2.261946710584651
-0.7988621319128331 2.261946710584651
-0.7988621319128331 2.261946710584651
-0.7988621319128333 2.261946710584651
-0.7932938042062819 2.270922689594907
-0.7988621319128333 2.261946710584651
0.7988621319128331 2.261946710584651
0.7932938042062821 2.270922689594907
0.7988621319128331 2.261946710584651
0.7988621319128328 2.261946710584651
0.7988621319128328 2.261946710584651
-0.7932938042062819 2.270922689594907
-0.7898861529025767 2.276509055568682
-0.7878045599019718 2.279898668605163
-0.7898861529025769 2.276509055568682
0.7878045599019716 2.279898668605163
0.7898861529025762 2.276509055568682
0.7932938042062821 2.270922689594907
0.7898861529025765 2.276509055568682
-0.7878045599019718 2.279898668605163
-0.7823508423870058 2.28887464761542
0.7878045599019716 2.279898668605163
0.7823508423870055 2.28887464761542
-0.7823508423870058 2.288874647615421
-0.7809101738923203 2.291270943428264
-0.776926928421628 2.297850626625677
-0.7809101738923201 2.291270943428264
0.776926928421628 2.297850626625677
0.7809101738923199 2.291270943428265
0.7823508423870055 2.288874647615421
0.7809101738923196 2.291270943428265
-0.776926928421628 2.297850626625677
-0.7719341948820635 2.306826605635933
-0.7719341948820635 2.306826605635933
-0.7719341948820637 2.306826605635933
-0.7719341948820637 2.306826605635933
0.7719341948820631 2.306826605635933
0.7719341948820631 2.306826605635933
0.776926928421628 2.297850626625677
0.7719341948820633 2.306826605635933
0.7719341948820633 2.306826605635933
-0.7719341948820635 2.306826605635933
-0.7719341948820635 2.306826605635933
-0.7719341948820637 2.306826605635933
-0.7661981435606315 2.31580258464619
-0.7719341948820637 2.306826605635933
0.7719341948820631 2.306826605635933
0.7661981435606313 2.31580258464619
0.7719341948820631 2.306826605635933
0.7719341948820633 2.306826605635933
0.7719341948820633 2.306826605635933
-0.7661981435606315 2.31580258464619
-0.7629582158718071 2.321297542430728
-0.7608906569537343 2.324778563656446
-0.7629582158718069 2.321297542430728
0.7608906569537345 2.324778563656446
0.7629582158718067 2.321297542430729
0.7661981435606313 2.31580258464619
0.7629582158718065 2.321297542430729
-0.7608906569537343 2.324778563656446
-0.7556191227633693 2.333754542666703
0.7608906569537345 2.324778563656446
0.7556191227633695 2.333754542666703
-0.7556191227633693 2.333754542666703
-0.7539822368615503 2.336573275970077
-0.7503795719828631 2.34273052167696
-0.7539822368615505 2.336573275970077
0.7503795719828633 2.34273052167696
0.7539822368615503 2.336573275970078
0.7556191227633695 2.333754542666703
0.7539822368615501 2.336573275970078
-0.7503795719828631 2.34273052167696
-0.7450062578512939 2.351706500687216
-0.7450062578512939 2.351706500687216
-0.7450062578512942 2.351706500687216
-0.7450062578512942 2.351706500687216
0.7450062578512935 2.351706500687216
0.7450062578512935 2.351706500687216
0.7503795719828633 2.34273052167696
0.7450062578512937 2.351706500687216
0.7450062578512937 2.351706500687216
-0.7450062578512939 2.351706500687216
-0.7450062578512939 2.351706500687216
-0.7450062578512942 2.351706500687216
-0.7400203870580901 2.360682479697473
-0.7450062578512942 2.351706500687216
0.7450062578512935 2.351706500687216
0.7400203870580899 2.360682479697473
0.7450062578512935 2.351706500687216
0.7450062578512937 2.351706500687216
0.7450062578512937 2.351706500687216
-0.7400203870580901 2.360682479697473
-0.7360302788410376 2.367694375014409
-0.7349036971423741 2.369658458707729
-0.7360302788410373 2.367694375014409
0.7349036971423745 2.369658458707729
0.7360302788410371 2.36769437501441
0.7400203870580899 2.360682479697473
0.7360302788410369 2.36769437501441
-0.7349036971423741 2.369658458707729
-0.7298144520821462 2.378634437717985
0.7349036971423745 2.369658458707729
0.7298144520821466 2.378634437717985
-0.7298144520821462 2.378634437717986
-0.7270542998307807 2.383563178605289
-0.724769192668829 2.387610416728243
-0.727054299830781 2.383563178605289
0.7247691926688288 2.387610416728243
0.7270542998307803 2.38356317860529
0.7298144520821466 2.378634437717986
0.7270542998307805 2.38356317860529
-0.724769192668829 2.387610416728243
-0.7197632930077964 2.396586395738499
0.7247691926688288 2.387610416728243
0.7197632930077961 2.396586395738499
-0.7197632930077964 2.396586395738499
-0.7180783208205244 2.399644960485105
-0.7147908888984178 2.405562374748755
-0.7180783208205241 2.399644960485105
0.714790888898418 2.405562374748755
0.7180783208205239 2.399644960485105
0.7197632930077961 2.396586395738499
0.7180783208205237 2.399644960485105
-0.7147908888984178 2.405562374748755
-0.7098686222518124 2.414538353759012
0.714790888898418 2.405562374748755
0.7098686222518127 2.414538353759012
-0.7098686222518124 2.414538353759012
-0.7091023418102675 2.415952890245726
-0.7049706428415893 2.423514332769268
-0.7091023418102678 2.415952890245726
0.7049706428415895 2.423514332769268
0.7091023418102675 2.415952890245727
0.7098686222518127 2.414538353759012
0.7091023418102673 2.415952890245727
-0.7049706428415893 2.423514332769269
-0.7001263628000112 2.432490311779525
-0.7001263628000112 2.432490311779525
-0.7001263628000114 2.432490311779525
-0.7001263628000114 2.432490311779525
0.7001263628000107 2.432490311779525
0.7001263628000107 2.432490311779525
0.7049706428415895 2.423514332769269
0.7001263628000109 2.432490311779525
0.7001263628000109 2.432490311779525
-0.7001263628000112 2.432490311779525
-0.7001263628000112 2.432490311779525
-0.7001263628000114 2.432490311779525
-0.6953105183361115 2.441466290789782
-0.7001263628000114 2.432490311779525
0.7001263628000107 2.432490311779525
0.6953105183361112 2.441466290789782
0.7001263628000107 2.432490311779525
0.7001263628000109 2.432490311779525
0.7001263628000109 2.432490311779525
-0.6953105183361115 2.441466290789782
-0.6911503837897548 2.450442269800038
-0.6911503837897548 2.450442269800038
-0.6911503837897546 2.450442269800038
-0.6911503837897546 2.450442269800038
0.6911503837897544 2.450442269800038
0.6911503837897544 2.450442269800038
0.6953105183361112 2.441466290789782
0.6911503837897541 2.450442269800038
0.6911503837897541 2.450442269800038
-0.6911503837897548 2.450442269800038
-0.6911503837897548 2.450442269800038
-0.6911503837897546 2.450442269800038
-0.6858127987602894 2.459418248810294
-0.6911503837897546 2.450442269800038
0.6911503837897544 2.450442269800038
0.6858127987602897 2.459418248810294
0.6911503837897544 2.450442269800038
0.6911503837897541 2.450442269800038
0.6911503837897541 2.450442269800038
-0.6858127987602894 2.459418248810294
-0.682174404779498 2.466410128264288
-0.6811322477921755 2.468394227820551
-0.6821744047794982 2.466410128264288
0.6811322477921752 2.468394227820551
0.6821744047794975 2.466410128264288
0.6858127987602897 2.459418248810294
0.6821744047794978 2.466410128264288
-0.6811322477921755 2.468394227820552
-0.6764800007131817 2.477370206830808
0.6811322477921752 2.468394227820552
0.6764800007131815 2.477370206830808
-0.6764800007131817 2.477370206830808
-0.6731984257692416 2.483793182381136
-0.6718815052114421 2.486346185841064
-0.6731984257692414 2.483793182381136
0.6718815052114424 2.486346185841064
0.6731984257692412 2.483793182381138
0.6764800007131815 2.477370206830808
0.6731984257692409 2.483793182381138
-0.6718815052114421 2.486346185841064
-0.6673148887582958 2.495322164851321
0.6718815052114424 2.486346185841064
0.6673148887582961 2.495322164851321
-0.6673148887582958 2.495322164851321
-0.6642224467589848 2.501490375057431
-0.6628008508765577 2.504298143861577
-0.664222446758985 2.501490375057431
0.662800850876558 2.504298143861577
0.6642224467589848 2.501490375057433
0.6673148887582961 2.495322164851321
0.6642224467589846 2.501490375057433
-0.6628008508765577 2.504298143861577
-0.6583204913374102 2.513274122871834
0.662800850876558 2.504298143861577
0.6583204913374106 2.513274122871834
-0.6583204913374102 2.513274122871834
-0.6552464677487284 2.519526109311259
-0.6538935233137193 2.522250101882091
-0.6552464677487286 2.519526109311259
0.653893523313719 2.522250101882091
0.655246467748728 2.51952610931126
0.6583204913374106 2.513274122871834
0.6552464677487282 2.51952610931126
-0.6538935233137193 2.522250101882091
-0.6495001179725758 2.531226080892347
0.653893523313719 2.522250101882091
0.6495001179725756 2.531226080892347
-0.6495001179725758 2.531226080892347
-0.646270488738472 2.537927757466519
-0.6451630569186936 2.540202059902604
-0.6462704887384718 2.537927757466519
0.6451630569186938 2.540202059902604
0.6462704887384716 2.53792775746652
0.6495001179725756 2.531226080892347
0.6462704887384714 2.53792775746652
-0.6451630569186936 2.540202059902604
-0.6408573778872293 2.54917803891286
0.6451630569186938 2.540202059902604
0.6408573778872295 2.54917803891286
-0.6408573778872293 2.54917803891286
-0.6372945097282152 2.556726112659851
-0.6366133018924128 2.558154017923116
-0.6372945097282154 2.556726112659851
0.6366133018924126 2.558154017923116
0.6372945097282148 2.556726112659852
0.6408573778872295 2.54917803891286
0.637294509728215 2.556726112659852
-0.6366133018924128 2.558154017923117
-0.6323962001918998 2.567129996933374
0.6366133018924126 2.558154017923117
0.6323962001918996 2.567129996933374
-0.6323962001918998 2.567129996933374
-0.6283185307179588 2.57610597594363
-0.6283185307179588 2.57610597594363
-0.6283185307179586 2.57610597594363
-0.6283185307179586 2.57610597594363
0.6283185307179584 2.57610597594363
0.6283185307179584 2.57610597594363
0.6323962001918996 2.567129996933374
0.6283185307179582 2.57610597594363
0.6283185307179582 2.57610597594363
-0.6283185307179588 2.57610597594363
-0.6283185307179588 2.57610597594363
-0.6283185307179586 2.57610597594363
-0.6241208557964033 2.585081954953886
-0.6283185307179586 2.57610597594363
0.6283185307179584 2.57610597594363
0.6241208557964036 2.585081954953886
0.6283185307179584 2.57610597594363
0.6283185307179582 2.57610597594363
0.6283185307179582 2.57610597594363
-0.6241208557964033 2.585081954953886
-0.6200638977814544 2.594057933964143
0.6241208557964036 2.585081954953886
0.6200638977814548 2.594057933964143
-0.6200638977814544 2.594057933964143
-0.619342551707702 2.595680256215105
-0.6160359812290601 2.603033912974399
-0.6193425517077022 2.595680256215105
0.6160359812290604 2.603033912974399
0.619342551707702 2.595680256215106
0.6200638977814548 2.594057933964143
0.6193425517077018 2.595680256215106
-0.6160359812290601 2.6030339129744
-0.6120700109538159 2.612009891984656
0.6160359812290604 2.6030339129744
0.6120700109538161 2.612009891984656
-0.6120700109538159 2.612009891984656
-0.6103665726974457 2.615932390699652
-0.6081466045645622 2.620985870994913
-0.6103665726974459 2.615932390699652
0.6081466045645618 2.620985870994913
0.6103665726974452 2.615932390699653
0.6120700109538161 2.612009891984656
0.6103665726974454 2.615932390699653
-0.6081466045645622 2.620985870994913
-0.6042727682592505 2.629961850005169
0.6081466045645618 2.620985870994913
0.6042727682592502 2.629961850005169
-0.6042727682592505 2.629961850005169
-0.6013905936871893 2.636763271318762
-0.6004581736861083 2.638937829015426
-0.6013905936871891 2.636763271318762
0.6004581736861085 2.638937829015426
0.6013905936871888 2.636763271318763
0.6042727682592502 2.629961850005169
0.6013905936871886 2.636763271318763
-0.6004581736861083 2.638937829015426
-0.5966777172412169 2.647913808025682
0.6004581736861085 2.638937829015426
0.5966777172412171 2.647913808025682
-0.5966777172412169 2.647913808025682
-0.5924146146769325 2.656889787035938
-0.5924146146769325 2.656889787035938
-0.5924146146769327 2.656889787035938
-0.5924146146769327 2.656889787035938
0.592414614676932 2.656889787035938
0.592414614676932 2.656889787035938
0.5966777172412171 2.647913808025682
0.5924146146769322 2.656889787035938
0.5924146146769322 2.656889787035938
-0.5924146146769325 2.656889787035939
-0.5924146146769325 2.656889787035939
-0.5924146146769327 2.656889787035939
-0.5892908619193973 2.665865766046196
-0.5924146146769327 2.656889787035939
0.592414614676932 2.656889787035939
0.5892908619193969 2.665865766046196
0.592414614676932 2.656889787035939
0.5924146146769322 2.656889787035939
0.5924146146769322 2.656889787035939
-0.5892908619193973 2.665865766046196
-0.5856775740639438 2.674841745056452
0.5892908619193969 2.665865766046196
0.5856775740639436 2.674841745056452
-0.5856775740639438 2.674841745056452
-0.5834386356666761 2.680514624957426
-0.582118696951415 2.683817724066708
-0.5834386356666759 2.680514624957426
0.5821186969514153 2.683817724066708
0.5834386356666756 2.680514624957427
0.5856775740639436 2.674841745056452
0.5834386356666754 2.680514624957427
-0.582118696951415 2.683817724066708
-0.5786021951200035 2.692793703076965
0.5821186969514153 2.683817724066708
0.5786021951200038 2.692793703076965
-0.5786021951200035 2.692793703076965
-0.5751585278256378 2.701769682087221
0.5786021951200038 2.692793703076965
0.575158527825638 2.701769682087221
-0.5751585278256378 2.701769682087222
-0.5744626566564193 2.703620935605632
-0.5717501482065706 2.710745661097478
-0.5744626566564195 2.703620935605632
0.5717501482065708 2.710745661097478
0.5744626566564193 2.703620935605633
0.575158527825638 2.701769682087222
0.574462656656419 2.703620935605633
-0.5717501482065706 2.710745661097478
-0.5684055198023515 2.719721640107735
0.5717501482065708 2.710745661097478
0.5684055198023519 2.719721640107735
-0.5684055198023515 2.719721640107735
-0.5654866776461629 2.728697619117991
-0.5654866776461629 2.728697619117991
-0.5654866776461631 2.728697619117991
-0.5654866776461631 2.728697619117991
0.5654866776461625 2.728697619117991
0.5654866776461625 2.728697619117991
0.5684055198023519 2.719721640107735
0.5654866776461627 2.728697619117991
0.5654866776461627 2.728697619117991
-0.5654866776461629 2.728697619117991
-0.5654866776461629 2.728697619117991
-0.5654866776461631 2.728697619117991
-0.5618853488799778 2.737673598128247
-0.5654866776461631 2.728697619117991
0.5654866776461625 2.728697619117991
0.5618853488799777 2.737673598128247
0.5654866776461625 2.728697619117991
0.5654866776461627 2.728697619117991
0.5654866776461627 2.728697619117991
-0.5618853488799778 2.737673598128247
-0.558715505923856 2.746649577138504
0.5618853488799777 2.737673598128247
0.5587155059238558 2.746649577138504
-0.558715505923856 2.746649577138505
-0.5565106986359065 2.753039835870237
-0.5556064936712538 2.755625556148761
-0.5565106986359063 2.753039835870237
0.555606493671254 2.755625556148761
0.5565106986359061 2.753039835870238
0.5587155059238558 2.746649577138505
0.5565106986359059 2.753039835870238
-0.5556064936712538 2.755625556148761
-0.5525401182492119 2.764601535159017
0.555606493671254 2.755625556148761
0.552540118249212 2.764601535159017
-0.5525401182492119 2.764601535159017
-0.5495482514288589 2.773577514169274
0.552540118249212 2.764601535159017
0.549548251428859 2.773577514169274
-0.5495482514288589 2.773577514169274
-0.5475347196256497 2.779770505897107
-0.5466173184691803 2.78255349317953
-0.5475347196256499 2.779770505897107
0.5466173184691799 2.78255349317953
0.5475347196256493 2.779770505897109
0.549548251428859 2.773577514169274
0.5475347196256495 2.779770505897109
-0.5466173184691803 2.78255349317953
-0.5437318003160004 2.791529472189787
0.5466173184691799 2.78255349317953
0.5437318003160002 2.791529472189787
-0.5437318003160004 2.791529472189787
-0.5409213969655166 2.800505451200044
0.5437318003160002 2.791529472189787
0.5409213969655163 2.800505451200044
-0.5409213969655166 2.800505451200044
-0.5385587406153933 2.8094814302103
-0.5385587406153933 2.8094814302103
-0.5385587406153931 2.8094814302103
-0.5385587406153931 2.8094814302103
0.5385587406153929 2.8094814302103
0.5385587406153929 2.8094814302103
0.5409213969655163 2.800505451200044
0.5385587406153927 2.8094814302103
0.5385587406153927 2.8094814302103
-0.5385587406153933 2.8094814302103
-0.5385587406153933 2.8094814302103
-0.5385587406153931 2.8094814302103
-0.5354793885021901 2.818457409220557
-0.5385587406153931 2.8094814302103
0.5385587406153929 2.8094814302103
0.5354793885021902 2.818457409220557
0.5385587406153929 2.8094814302103
0.5385587406153927 2.8094814302103
0.5385587406153927 2.8094814302103
-0.5354793885021901 2.818457409220557
-0.5328542520171599 2.827433388230813
0.5354793885021902 2.818457409220557
0.5328542520171601 2.827433388230813
-0.5328542520171599 2.827433388230813
-0.530304749472037 2.836409367241069
0.5328542520171601 2.827433388230813
0.5303047494720373 2.836409367241069
-0.530304749472037 2.83640936724107
-0.5295827616051365 2.839027388154747
-0.5278036630061956 2.845385346251327
-0.5295827616051367 2.839027388154747
0.527803663006196 2.845385346251327
0.5295827616051365 2.839027388154749
0.5303047494720373 2.83640936724107
0.5295827616051363 2.839027388154749
-0.5278036630061956 2.845385346251327
-0.5253679338548727 2.854361325261583
0.527803663006196 2.845385346251327
0.5253679338548729 2.854361325261583
-0.5253679338548727 2.854361325261583
-0.5230085807009677 2.863337304271839
0.5253679338548729 2.854361325261583
0.5230085807009678 2.863337304271839
-0.5230085807009677 2.863337304271839
-0.5206067825948801 2.872313283282096
-0.5206067825948801 2.872313283282096
-0.5206067825948804 2.872313283282096
-0.5206067825948804 2.872313283282096
0.5206067825948797 2.872313283282096
0.5206067825948797 2.872313283282096
0.5230085807009678 2.863337304271839
0.5206067825948799 2.872313283282096
0.5206067825948799 2.872313283282096
-0.5206067825948801 2.872313283282096
-0.5206067825948801 2.872313283282096
-0.5206067825948804 2.872313283282096
-0.5184855209093759 2.881289262292352
-0.5206067825948804 2.872313283282096
0.5206067825948797 2.872313283282096
0.5184855209093756 2.881289262292352
0.5206067825948797 2.872313283282096
0.5206067825948799 2.872313283282096
0.5206067825948799 2.872313283282096
-0.5184855209093759 2.881289262292353
-0.5163208854631131 2.890265241302609
0.5184855209093756 2.881289262292353
0.5163208854631128 2.890265241302609
-0.5163208854631131 2.890265241302609
-0.514233312932402 2.899241220312866
0.5163208854631128 2.890265241302609
0.5142333129324018 2.899241220312866
-0.514233312932402 2.899241220312866
-0.5116308035846238 2.908217199323122
-0.5116308035846238 2.908217199323122
-0.5116308035846235 2.908217199323122
-0.5116308035846235 2.908217199323122
0.5116308035846233 2.908217199323122
0.5116308035846233 2.908217199323122
0.5142333129324018 2.899241220312866
0.5116308035846231 2.908217199323122
0.5116308035846231 2.908217199323122
-0.5116308035846238 2.908217199323122
-0.5116308035846238 2.908217199323122
-0.5116308035846235 2.908217199323122
-0.5102672610916499 2.917193178333378
-0.5116308035846235 2.908217199323122
0.5116308035846233 2.908217199323122
0.5102672610916501 2.917193178333378
0.5116308035846233 2.908217199323122
0.5116308035846231 2.908217199323122
0.5116308035846231 2.908217199323122
-0.5102672610916499 2.917193178333378
-0.5083802553541339 2.926169157343635
0.5102672610916501 2.917193178333378
0.5083802553541341 2.926169157343635
-0.5083802553541339 2.926169157343636
-0.5065710974975333 2.935145136353892
0.5083802553541341 2.926169157343636
0.5065710974975335 2.935145136353892
-0.5065710974975333 2.935145136353892
-0.5048396842192753 2.944121115364148
0.5065710974975335 2.935145136353892
0.5048396842192755 2.944121115364148
-0.5048396842192753 2.944121115364148
-0.5026548245743669 2.953097094374405
-0.5026548245743669 2.953097094374405
-0.5026548245743672 2.953097094374405
-0.5026548245743672 2.953097094374405
0.5026548245743665 2.953097094374405
0.5026548245743665 2.953097094374405
0.5048396842192755 2.944121115364148
0.5026548245743667 2.953097094374405
0.5026548245743667 2.953097094374405
-0.5026548245743669 2.953097094374405
-0.5026548245743669 2.953097094374405
-0.5026548245743672 2.953097094374405
-0.5015924954854786 2.962073073384661
-0.5026548245743672 2.953097094374405
0.5026548245743665 2.953097094374405
0.5015924954854784 2.962073073384661
0.5026548245743665 2.953097094374405
0.5026548245743667 2.953097094374405
0.5026548245743667 2.953097094374405
-0.5015924954854786 2.962073073384661
-0.50006906774507 2.971049052394918
0.5015924954854784 2.962073073384661
0.5000690677450698 2.971049052394918
-0.50006906774507 2.971049052394918
-0.4986242888657529 2.980025031405175
0.5000690677450698 2.971049052394918
0.4986242888657527 2.980025031405175
-0.4986242888657529 2.980025031405175
-0.4972580761012062 2.989001010415431
0.4986242888657527 2.980025031405175
0.497258076101206 2.989001010415431
-0.4972580761012062 2.989001010415431
-0.4959703511647005 2.997976989425688
0.497258076101206 2.989001010415431
0.4959703511647002 2.997976989425688
-0.4959703511647005 2.997976989425688
-0.4947610402314163 3.006952968435944
0.4959703511647002 2.997976989425688
0.494761040231416 3.006952968435944
-0.4947610402314163 3.006952968435944
-0.4936788455641106 3.0159289474462
-0.4936788455641106 3.0159289474462
-0.4936788455641103 3.0159289474462
-0.4936788455641103 3.0159289474462
0.4936788455641101 3.0159289474462
0.4936788455641101 3.0159289474462
0.494761040231416 3.006952968435944
0.4936788455641099 3.0159289474462
0.4936788455641099 3.0159289474462
-0.4936788455641106 3.015928947446201
-0.4936788455641106 3.015928947446201
-0.4936788455641103 3.015928947446201
-0.4925588602523681 3.024904926456458
-0.4936788455641103 3.015928947446201
0.4936788455641101 3.015928947446201
0.4925588602523683 3.024904926456458
0.4936788455641101 3.015928947446201
0.4936788455641099 3.015928947446201
0.4936788455641099 3.015928947446201
-0.4925588602523681 3.024904926456458
-0.4915680019441184 3.033880905466714
0.4925588602523683 3.024904926456458
0.4915680019441186 3.033880905466714
-0.4915680019441184 3.033880905466714
-0.4906566217512672 3.04285688447697
0.4915680019441186 3.033880905466714
0.4906566217512674 3.04285688447697
-0.4906566217512672 3.04285688447697
-0.4898246673216613 3.051832863487227
0.4906566217512674 3.04285688447697
0.4898246673216615 3.051832863487227
-0.4898246673216613 3.051832863487227
-0.4890720908508902 3.060808842497483
0.4898246673216615 3.051832863487227
0.4890720908508904 3.060808842497483
-0.4890720908508902 3.060808842497484
-0.488398849083571 3.06978482150774
0.4890720908508904 3.060808842497484
0.4883988490835712 3.06978482150774
-0.488398849083571 3.06978482150774
-0.4878049033144988 3.078760800517997
0.4883988490835712 3.06978482150774
0.4878049033144989 3.078760800517997
-0.4878049033144988 3.078760800517997
-0.4872902193896658 3.087736779528253
0.4878049033144989 3.078760800517997
0.487290219389666 3.087736779528253
-0.4872902193896658 3.087736779528253
-0.4868547677071541 3.096712758538509
0.487290219389666 3.087736779528253
0.4868547677071542 3.096712758538509
-0.4868547677071541 3.096712758538509
-0.4864985232179023 3.105688737548766
0.4868547677071542 3.096712758538509
0.4864985232179025 3.105688737548766
-0.4864985232179023 3.105688737548767
-0.486221465426352 3.114664716559023
0.4864985232179025 3.105688737548767
0.4862214654263521 3.114664716559023
-0.486221465426352 3.114664716559023
-0.4860235783909714 3.123640695569279
0.4862214654263521 3.114664716559023
0.4860235783909715 3.123640695569279
-0.4860235783909714 3.123640695569279
-0.4859048507246628 3.132616674579536
0.4860235783909715 3.123640695569279
0.4859048507246631 3.132616674579536
-0.4859048507246628 3.132616674579536
-0.4858652755950524 3.141592653589792
0.4859048507246631 3.132616674579536
0.4858652755950526 3.141592653589792
