This is e-pTeX, Version 3.141592653-p3.9.1-210218-2.6 (utf8.euc) (TeX Live 2022/dev/Debian) (preloaded format=platex 2026.2.1)  14 MAR 2026 10:43
entering extended mode
 restricted \write18 enabled.
 %&-line parsing enabled.
**main
(./main.tex
pLaTeX2e <2021-11-15> (based on LaTeX2e <2021-11-15> patch level 1)
L3 programming layer <2022-01-21> (/usr/share/texlive/texmf-dist/tex/platex/base/jreport.cls
Document Class: jreport 2020/09/30 v1.8f Standard pLaTeX class
\c@@paper=\count184
(/usr/share/texlive/texmf-dist/tex/platex/base/jsize12.clo
File: jsize12.clo 2020/09/30 v1.8f Standard pLaTeX file (size option)
)
\c@part=\count185
\c@chapter=\count186
\c@section=\count187
\c@subsection=\count188
\c@subsubsection=\count189
\c@paragraph=\count190
\c@subparagraph=\count191
\c@figure=\count192
\c@table=\count193
\abovecaptionskip=\skip47
\belowcaptionskip=\skip48
\symmincho=\mathgroup4
LaTeX Font Info:    Overwriting symbol font `mincho' in version `bold'
(Font)                  JY1/mc/m/n --> JY1/gt/m/n on input line 704.
\toclineskip=\dimen154
\@lnumwidth=\dimen155
\bibindent=\dimen156
\heisei=\count194
) (/usr/share/texlive/texmf-dist/tex/latex/comment/comment.sty
\CommentStream=\write3
 Excluding comment 'comment') (/usr/share/texlive/texmf-dist/tex/latex/preprint/fullpage.sty
Package: fullpage 1999/02/23 1.1 (PWD)
\FP@margin=\skip49
) (/usr/share/texlive/texmf-dist/tex/latex/float/float.sty
Package: float 2001/11/08 v1.3d Float enhancements (AL)
\c@float@type=\count195
\float@exts=\toks17
\float@box=\box67
\@float@everytoks=\toks18
\@floatcapt=\box68
) (/usr/share/texlive/texmf-dist/tex/latex/graphics/color.sty
Package: color 2021/12/07 v1.3c Standard LaTeX Color (DPC)
 (/usr/share/texlive/texmf-dist/tex/latex/graphics-cfg/color.cfg
File: color.cfg 2016/01/02 v1.6 sample color configuration
)
Package color Info: Driver file: dvips.def on input line 149.
 (/usr/share/texlive/texmf-dist/tex/latex/graphics-def/dvips.def
File: dvips.def 2017/06/20 v3.1d Graphics/color driver for dvips
) (/usr/share/texlive/texmf-dist/tex/latex/graphics/dvipsnam.def
File: dvipsnam.def 2016/06/17 v3.0m Driver-dependent file (DPC,SPQR)
)) (/usr/share/texlive/texmf-dist/tex/latex/tools/multicol.sty
Package: multicol 2021/10/28 v1.9b multicolumn formatting (FMi)
\c@tracingmulticols=\count196
\mult@box=\box69
\multicol@leftmargin=\dimen157
\c@unbalance=\count197
\c@collectmore=\count198
\doublecol@number=\count199
\multicoltolerance=\count266
\multicolpretolerance=\count267
\full@width=\dimen158
\page@free=\dimen159
\premulticols=\dimen160
\postmulticols=\dimen161
\multicolsep=\skip50
\multicolbaselineskip=\skip51
\partial@page=\box70
\last@line=\box71
\maxbalancingoverflow=\dimen162
\mult@rightbox=\box72
\mult@grightbox=\box73
\mult@firstbox=\box74
\mult@gfirstbox=\box75
\@tempa=\box76
\@tempa=\box77
\@tempa=\box78
\@tempa=\box79
\@tempa=\box80
\@tempa=\box81
\@tempa=\box82
\@tempa=\box83
\@tempa=\box84
\@tempa=\box85
\@tempa=\box86
\@tempa=\box87
\@tempa=\box88
\@tempa=\box89
\@tempa=\box90
\@tempa=\box91
\@tempa=\box92
\@tempa=\box93
\@tempa=\box94
\@tempa=\box95
\@tempa=\box96
\@tempa=\box97
\@tempa=\box98
\@tempa=\box99
\@tempa=\box100
\@tempa=\box101
\@tempa=\box102
\@tempa=\box103
\@tempa=\box104
\@tempa=\box105
\@tempa=\box106
\@tempa=\box107
\@tempa=\box108
\@tempa=\box109
\@tempa=\box110
\@tempa=\box111
\c@minrows=\count268
\c@columnbadness=\count269
\c@finalcolumnbadness=\count270
\last@try=\dimen163
\multicolovershoot=\dimen164
\multicolundershoot=\dimen165
\mult@nat@firstbox=\box112
\colbreak@box=\box113
\mc@col@check@num=\count271
) (/usr/share/texlive/texmf-dist/tex/latex/pict2e/pict2e.sty
Package: pict2e 2020/09/30 v0.4b Improved picture commands (HjG,RN,JT)
 (/usr/share/texlive/texmf-dist/tex/latex/pict2e/pict2e.cfg
File: pict2e.cfg 2016/02/05 v0.1u pict2e configuration for teTeX/TeXLive
)
Package pict2e Info: Driver file: dvipdfmx.def on input line 112.
 (/usr/share/texlive/texmf-dist/tex/latex/graphics-def/dvipdfmx.def
File: dvipdfmx.def 2021/03/18 v5.0j Graphics/color driver for dvipdfmx
)
Package pict2e Info: Driver file for pict2e: p2e-dvipdfmx.def on input line 114.
 (/usr/share/texlive/texmf-dist/tex/latex/pict2e/p2e-dvipdfmx.def
File: p2e-dvipdfmx.def 2016/02/05 v0.1u Driver-dependant file (RN,HjG,JT)
) (/usr/share/texlive/texmf-dist/tex/latex/graphics/trig.sty
Package: trig 2021/08/11 v1.11 sin cos tan (DPC)
)
\pIIe@GRAPH=\toks19
\@arclen=\dimen166
\@arcrad=\dimen167
\pIIe@tempdima=\dimen168
\pIIe@tempdimb=\dimen169
\pIIe@tempdimc=\dimen170
\pIIe@tempdimd=\dimen171
\pIIe@tempdime=\dimen172
\pIIe@tempdimf=\dimen173
) (/usr/share/texlive/texmf-dist/tex/latex/wrapfig/wrapfig.sty
\wrapoverhang=\dimen174
\WF@size=\dimen175
\c@WF@wrappedlines=\count272
\WF@box=\box114
\WF@everypar=\toks20
Package: wrapfig 2003/01/31  v 3.6
) (/usr/share/texlive/texmf-dist/tex/latex/graphics/graphicx.sty
Package: graphicx 2021/09/16 v1.2d Enhanced LaTeX Graphics (DPC,SPQR)
 (/usr/share/texlive/texmf-dist/tex/latex/graphics/keyval.sty
Package: keyval 2014/10/28 v1.15 key=value parser (DPC)
\KV@toks@=\toks21
) (/usr/share/texlive/texmf-dist/tex/latex/graphics/graphics.sty
Package: graphics 2021/03/04 v1.4d Standard LaTeX Graphics (DPC,SPQR)
 (/usr/share/texlive/texmf-dist/tex/latex/graphics-cfg/graphics.cfg
File: graphics.cfg 2016/06/04 v1.11 sample graphics configuration
)
Package graphics Info: Driver file: dvipdfmx.def on input line 107.
)
\Gin@req@height=\dimen176
\Gin@req@width=\dimen177
) (/usr/share/texlive/texmf-dist/tex/latex/listings/listings.sty
\lst@mode=\count273
\lst@gtempboxa=\box115
\lst@token=\toks22
\lst@length=\count274
\lst@currlwidth=\dimen178
\lst@column=\count275
\lst@pos=\count276
\lst@lostspace=\dimen179
\lst@width=\dimen180
\lst@newlines=\count277
\lst@lineno=\count278
\lst@maxwidth=\dimen181
 (/usr/share/texlive/texmf-dist/tex/latex/listings/lstmisc.sty
File: lstmisc.sty 2020/03/24 1.8d (Carsten Heinz)
\c@lstnumber=\count279
\lst@skipnumbers=\count280
\lst@framebox=\box116
) (/usr/share/texlive/texmf-dist/tex/latex/listings/listings.cfg
File: listings.cfg 2020/03/24 1.8d listings configuration
))
Package: listings 2020/03/24 1.8d (Carsten Heinz)
 (/usr/share/texlive/texmf-dist/tex/latex/tools/bm.sty
Package: bm 2021/04/25 v1.2e Bold Symbol Support (DPC/FMi)
\symboldoperators=\mathgroup5
\symboldletters=\mathgroup6
\symboldsymbols=\mathgroup7
Package bm Info: No bold for \OMX/cmex/m/n, using \pmb.
\symboldmincho=\mathgroup8
LaTeX Font Info:    Redeclaring math alphabet \mathbf on input line 149.
) (/usr/share/texlive/texmf-dist/tex/latex/url/url.sty
\Urlmuskip=\muskip16
Package: url 2013/09/16  ver 3.4  Verb mode for urls, etc.
) (/usr/share/texlive/texmf-dist/tex/latex/underscore/underscore.sty
Package: underscore 2006/09/13
LaTeX Info: Redefining \_ on input line 42.
) (/usr/share/texlive/texmf-dist/tex/latex/colortbl/colortbl.sty
Package: colortbl 2020/01/04 v1.0e Color table columns (DPC)
 (/usr/share/texlive/texmf-dist/tex/latex/tools/array.sty
Package: array 2021/10/04 v2.5f Tabular extension package (FMi)
\col@sep=\dimen182
\ar@mcellbox=\box117
\extrarowheight=\dimen183
\NC@list=\toks23
\extratabsurround=\skip52
\backup@length=\skip53
\ar@cellbox=\box118
)
\everycr=\toks24
\minrowclearance=\skip54
) (/usr/share/texlive/texmf-dist/tex/latex/subfigure/subfigure.sty
Package: subfigure 2002/03/15 v2.1.5 subfigure package
\subfigtopskip=\skip55
\subfigcapskip=\skip56
\subfigcaptopadj=\dimen184
\subfigbottomskip=\skip57
\subfigcapmargin=\dimen185
\subfiglabelskip=\skip58
\c@subfigure=\count281
\c@lofdepth=\count282
\c@subtable=\count283
\c@lotdepth=\count284

****************************************
* Local config file subfigure.cfg used *
****************************************
(/usr/share/texlive/texmf-dist/tex/latex/subfigure/subfigure.cfg)
\subfig@top=\skip59
\subfig@bottom=\skip60
) (/usr/share/texlive/texmf-dist/tex/latex/tools/tabularx.sty
Package: tabularx 2020/01/15 v2.11c `tabularx' package (DPC)
\TX@col@width=\dimen186
\TX@old@table=\dimen187
\TX@old@col=\dimen188
\TX@target=\dimen189
\TX@delta=\dimen190
\TX@cols=\count285
\TX@ftn=\toks25
) (/usr/share/texlive/texmf-dist/tex/latex/fancyhdr/fancyhdr.sty
Package: fancyhdr 2021/01/28 v4.0.1 Extensive control of page headers and footers
\f@nch@headwidth=\skip61
\f@nch@O@elh=\skip62
\f@nch@O@erh=\skip63
\f@nch@O@olh=\skip64
\f@nch@O@orh=\skip65
\f@nch@O@elf=\skip66
\f@nch@O@erf=\skip67
\f@nch@O@olf=\skip68
\f@nch@O@orf=\skip69
) (/usr/share/texlive/texmf-dist/tex/latex/cite/cite.sty
LaTeX Info: Redefining \cite on input line 302.
LaTeX Info: Redefining \nocite on input line 332.
Package: cite 2015/02/27  v 5.5
) (/usr/share/texlive/texmf-dist/tex/latex/amsmath/amsmath.sty
Package: amsmath 2021/10/15 v2.17l AMS math features
\@mathmargin=\skip70

For additional information on amsmath, use the `?' option.
(/usr/share/texlive/texmf-dist/tex/latex/amsmath/amstext.sty
Package: amstext 2021/08/26 v2.01 AMS text
 (/usr/share/texlive/texmf-dist/tex/latex/amsmath/amsgen.sty
File: amsgen.sty 1999/11/30 v2.0 generic functions
\@emptytoks=\toks26
\ex@=\dimen191
)) (/usr/share/texlive/texmf-dist/tex/latex/amsmath/amsbsy.sty
Package: amsbsy 1999/11/29 v1.2d Bold Symbols
LaTeX Info: Redefining \boldsymbol on input line 28.
\pmbraise@=\dimen192
) (/usr/share/texlive/texmf-dist/tex/latex/amsmath/amsopn.sty
Package: amsopn 2021/08/26 v2.02 operator names
)
\inf@bad=\count286
LaTeX Info: Redefining \frac on input line 234.
\uproot@=\count287
\leftroot@=\count288
LaTeX Info: Redefining \overline on input line 399.
\classnum@=\count289
\DOTSCASE@=\count290
LaTeX Info: Redefining \ldots on input line 496.
LaTeX Info: Redefining \dots on input line 499.
LaTeX Info: Redefining \cdots on input line 620.
\Mathstrutbox@=\box119
\strutbox@=\box120
\big@size=\dimen193
LaTeX Font Info:    Redeclaring font encoding OML on input line 743.
LaTeX Font Info:    Redeclaring font encoding OMS on input line 744.
\macc@depth=\count291
\c@MaxMatrixCols=\count292
\dotsspace@=\muskip17
\c@parentequation=\count293
\dspbrk@lvl=\count294
\tag@help=\toks27
\row@=\count295
\column@=\count296
\maxfields@=\count297
\andhelp@=\toks28
\eqnshift@=\dimen194
\alignsep@=\dimen195
\tagshift@=\dimen196
\tagwidth@=\dimen197
\totwidth@=\dimen198
\lineht@=\dimen199
\@envbody=\toks29
\multlinegap=\skip71
\multlinetaggap=\skip72
\mathdisplay@stack=\toks30
LaTeX Info: Redefining \[ on input line 2938.
LaTeX Info: Redefining \] on input line 2939.
) (/usr/share/texlive/texmf-dist/tex/latex/amsfonts/amssymb.sty
Package: amssymb 2013/01/14 v3.01 AMS font symbols
 (/usr/share/texlive/texmf-dist/tex/latex/amsfonts/amsfonts.sty
Package: amsfonts 2013/01/14 v3.01 Basic AMSFonts support
\symAMSa=\mathgroup9
\symAMSb=\mathgroup10
LaTeX Font Info:    Redeclaring math symbol \hbar on input line 98.
LaTeX Font Info:    Overwriting math alphabet `\mathfrak' in version `bold'
(Font)                  U/euf/m/n --> U/euf/b/n on input line 106.
)) (/usr/share/texlive/texmf-dist/tex/latex/algorithms/algorithmic.sty
Package: algorithmic 2009/08/24 v0.1 Document Style `algorithmic'
 (/usr/share/texlive/texmf-dist/tex/latex/base/ifthen.sty
Package: ifthen 2020/11/24 v1.1c Standard LaTeX ifthen package (DPC)
)
\c@ALC@unique=\count298
\c@ALC@line=\count299
\c@ALC@rem=\count300
\c@ALC@depth=\count301
\ALC@tlm=\skip73
\algorithmicindent=\skip74
) (/usr/share/texlive/texmf-dist/tex/latex/base/textcomp.sty
Package: textcomp 2020/02/02 v2.0n Standard LaTeX package
) (/usr/share/texlive/texmf-dist/tex/latex/xcolor/xcolor.sty
Package: xcolor 2021/10/31 v2.13 LaTeX color extensions (UK)
 (/usr/share/texlive/texmf-dist/tex/latex/graphics-cfg/color.cfg
File: color.cfg 2016/01/02 v1.6 sample color configuration
)
Package xcolor Info: Driver file: dvipdfmx.def on input line 227.
LaTeX Info: Redefining \color on input line 711.
Package xcolor Info: Model `cmy' substituted by `cmy0' on input line 1352.
Package xcolor Info: Model `RGB' extended on input line 1368.
Package xcolor Info: Model `HTML' substituted by `rgb' on input line 1370.
Package xcolor Info: Model `Hsb' substituted by `hsb' on input line 1371.
Package xcolor Info: Model `tHsb' substituted by `hsb' on input line 1372.
Package xcolor Info: Model `HSB' substituted by `hsb' on input line 1373.
Package xcolor Info: Model `Gray' substituted by `gray' on input line 1374.
Package xcolor Info: Model `wave' substituted by `hsb' on input line 1375.
) (/usr/share/texlive/texmf-dist/tex/latex/tcolorbox/tcolorbox.sty
Package: tcolorbox 2022/01/07 version 5.0.2 text color boxes
 (/usr/share/texlive/texmf-dist/tex/latex/pgf/basiclayer/pgf.sty (/usr/share/texlive/texmf-dist/tex/latex/pgf/utilities/pgfrcs.sty (/usr/share/texlive/texmf-dist/tex/generic/pgf/utilities/pgfutil-common.tex
\pgfutil@everybye=\toks31
\pgfutil@tempdima=\dimen256
\pgfutil@tempdimb=\dimen257
 (/usr/share/texlive/texmf-dist/tex/generic/pgf/utilities/pgfutil-common-lists.tex)) (/usr/share/texlive/texmf-dist/tex/generic/pgf/utilities/pgfutil-latex.def
\pgfutil@abb=\box121
) (/usr/share/texlive/texmf-dist/tex/generic/pgf/utilities/pgfrcs.code.tex (/usr/share/texlive/texmf-dist/tex/generic/pgf/pgf.revision.tex)
Package: pgfrcs 2021/05/15 v3.1.9a (3.1.9a)
))
Package: pgf 2021/05/15 v3.1.9a (3.1.9a)
 (/usr/share/texlive/texmf-dist/tex/latex/pgf/basiclayer/pgfcore.sty (/usr/share/texlive/texmf-dist/tex/latex/pgf/systemlayer/pgfsys.sty (/usr/share/texlive/texmf-dist/tex/generic/pgf/systemlayer/pgfsys.code.tex
Package: pgfsys 2021/05/15 v3.1.9a (3.1.9a)
 (/usr/share/texlive/texmf-dist/tex/generic/pgf/utilities/pgfkeys.code.tex
\pgfkeys@pathtoks=\toks32
\pgfkeys@temptoks=\toks33
 (/usr/share/texlive/texmf-dist/tex/generic/pgf/utilities/pgfkeysfiltered.code.tex
\pgfkeys@tmptoks=\toks34
))
\pgf@x=\dimen258
\pgf@y=\dimen259
\pgf@xa=\dimen260
\pgf@ya=\dimen261
\pgf@xb=\dimen262
\pgf@yb=\dimen263
\pgf@xc=\dimen264
\pgf@yc=\dimen265
\pgf@xd=\dimen266
\pgf@yd=\dimen267
\w@pgf@writea=\write4
\r@pgf@reada=\read2
\c@pgf@counta=\count302
\c@pgf@countb=\count303
\c@pgf@countc=\count304
\c@pgf@countd=\count305
\t@pgf@toka=\toks35
\t@pgf@tokb=\toks36
\t@pgf@tokc=\toks37
\pgf@sys@id@count=\count306
 (/usr/share/texlive/texmf-dist/tex/generic/pgf/systemlayer/pgf.cfg
File: pgf.cfg 2021/05/15 v3.1.9a (3.1.9a)
)
Driver file for pgf: pgfsys-dvipdfmx.def
 (/usr/share/texlive/texmf-dist/tex/generic/pgf/systemlayer/pgfsys-dvipdfmx.def
File: pgfsys-dvipdfmx.def 2021/05/15 v3.1.9a (3.1.9a)
 (/usr/share/texlive/texmf-dist/tex/generic/pgf/systemlayer/pgfsys-common-pdf.def
File: pgfsys-common-pdf.def 2021/05/15 v3.1.9a (3.1.9a)
)
\pgfsys@objnum=\count307
)) (/usr/share/texlive/texmf-dist/tex/generic/pgf/systemlayer/pgfsyssoftpath.code.tex
File: pgfsyssoftpath.code.tex 2021/05/15 v3.1.9a (3.1.9a)
\pgfsyssoftpath@smallbuffer@items=\count308
\pgfsyssoftpath@bigbuffer@items=\count309
) (/usr/share/texlive/texmf-dist/tex/generic/pgf/systemlayer/pgfsysprotocol.code.tex
File: pgfsysprotocol.code.tex 2021/05/15 v3.1.9a (3.1.9a)
)) (/usr/share/texlive/texmf-dist/tex/generic/pgf/basiclayer/pgfcore.code.tex
Package: pgfcore 2021/05/15 v3.1.9a (3.1.9a)
 (/usr/share/texlive/texmf-dist/tex/generic/pgf/math/pgfmath.code.tex (/usr/share/texlive/texmf-dist/tex/generic/pgf/math/pgfmathcalc.code.tex (/usr/share/texlive/texmf-dist/tex/generic/pgf/math/pgfmathutil.code.tex) (/usr/share/texlive/texmf-dist/tex/generic/pgf/math/pgfmathparser.code.tex
\pgfmath@dimen=\dimen268
\pgfmath@count=\count310
\pgfmath@box=\box122
\pgfmath@toks=\toks38
\pgfmath@stack@operand=\toks39
\pgfmath@stack@operation=\toks40
) (/usr/share/texlive/texmf-dist/tex/generic/pgf/math/pgfmathfunctions.code.tex (/usr/share/texlive/texmf-dist/tex/generic/pgf/math/pgfmathfunctions.basic.code.tex) (/usr/share/texlive/texmf-dist/tex/generic/pgf/math/pgfmathfunctions.trigonometric.code.tex) (/usr/share/texlive/texmf-dist/tex/generic/pgf/math/pgfmathfunctions.random.code.tex) (/usr/share/texlive/texmf-dist/tex/generic/pgf/math/pgfmathfunctions.comparison.code.tex) (/usr/share/texlive/texmf-dist/tex/generic/pgf/math/pgfmathfunctions.base.code.tex) (/usr/share/texlive/texmf-dist/tex/generic/pgf/math/pgfmathfunctions.round.code.tex) (/usr/share/texlive/texmf-dist/tex/generic/pgf/math/pgfmathfunctions.misc.code.tex) (/usr/share/texlive/texmf-dist/tex/generic/pgf/math/pgfmathfunctions.integerarithmetics.code.tex))) (/usr/share/texlive/texmf-dist/tex/generic/pgf/math/pgfmathfloat.code.tex
\c@pgfmathroundto@lastzeros=\count311
)) (/usr/share/texlive/texmf-dist/tex/generic/pgf/math/pgfint.code.tex) (/usr/share/texlive/texmf-dist/tex/generic/pgf/basiclayer/pgfcorepoints.code.tex
File: pgfcorepoints.code.tex 2021/05/15 v3.1.9a (3.1.9a)
\pgf@picminx=\dimen269
\pgf@picmaxx=\dimen270
\pgf@picminy=\dimen271
\pgf@picmaxy=\dimen272
\pgf@pathminx=\dimen273
\pgf@pathmaxx=\dimen274
\pgf@pathminy=\dimen275
\pgf@pathmaxy=\dimen276
\pgf@xx=\dimen277
\pgf@xy=\dimen278
\pgf@yx=\dimen279
\pgf@yy=\dimen280
\pgf@zx=\dimen281
\pgf@zy=\dimen282
) (/usr/share/texlive/texmf-dist/tex/generic/pgf/basiclayer/pgfcorepathconstruct.code.tex
File: pgfcorepathconstruct.code.tex 2021/05/15 v3.1.9a (3.1.9a)
\pgf@path@lastx=\dimen283
\pgf@path@lasty=\dimen284
) (/usr/share/texlive/texmf-dist/tex/generic/pgf/basiclayer/pgfcorepathusage.code.tex
File: pgfcorepathusage.code.tex 2021/05/15 v3.1.9a (3.1.9a)
\pgf@shorten@end@additional=\dimen285
\pgf@shorten@start@additional=\dimen286
) (/usr/share/texlive/texmf-dist/tex/generic/pgf/basiclayer/pgfcorescopes.code.tex
File: pgfcorescopes.code.tex 2021/05/15 v3.1.9a (3.1.9a)
\pgfpic=\box123
\pgf@hbox=\box124
\pgf@layerbox@main=\box125
\pgf@picture@serial@count=\count312
) (/usr/share/texlive/texmf-dist/tex/generic/pgf/basiclayer/pgfcoregraphicstate.code.tex
File: pgfcoregraphicstate.code.tex 2021/05/15 v3.1.9a (3.1.9a)
\pgflinewidth=\dimen287
) (/usr/share/texlive/texmf-dist/tex/generic/pgf/basiclayer/pgfcoretransformations.code.tex
File: pgfcoretransformations.code.tex 2021/05/15 v3.1.9a (3.1.9a)
\pgf@pt@x=\dimen288
\pgf@pt@y=\dimen289
\pgf@pt@temp=\dimen290
) (/usr/share/texlive/texmf-dist/tex/generic/pgf/basiclayer/pgfcorequick.code.tex
File: pgfcorequick.code.tex 2021/05/15 v3.1.9a (3.1.9a)
) (/usr/share/texlive/texmf-dist/tex/generic/pgf/basiclayer/pgfcoreobjects.code.tex
File: pgfcoreobjects.code.tex 2021/05/15 v3.1.9a (3.1.9a)
) (/usr/share/texlive/texmf-dist/tex/generic/pgf/basiclayer/pgfcorepathprocessing.code.tex
File: pgfcorepathprocessing.code.tex 2021/05/15 v3.1.9a (3.1.9a)
) (/usr/share/texlive/texmf-dist/tex/generic/pgf/basiclayer/pgfcorearrows.code.tex
File: pgfcorearrows.code.tex 2021/05/15 v3.1.9a (3.1.9a)
\pgfarrowsep=\dimen291
) (/usr/share/texlive/texmf-dist/tex/generic/pgf/basiclayer/pgfcoreshade.code.tex
File: pgfcoreshade.code.tex 2021/05/15 v3.1.9a (3.1.9a)
\pgf@max=\dimen292
\pgf@sys@shading@range@num=\count313
\pgf@shadingcount=\count314
) (/usr/share/texlive/texmf-dist/tex/generic/pgf/basiclayer/pgfcoreimage.code.tex
File: pgfcoreimage.code.tex 2021/05/15 v3.1.9a (3.1.9a)
 (/usr/share/texlive/texmf-dist/tex/generic/pgf/basiclayer/pgfcoreexternal.code.tex
File: pgfcoreexternal.code.tex 2021/05/15 v3.1.9a (3.1.9a)
\pgfexternal@startupbox=\box126
)) (/usr/share/texlive/texmf-dist/tex/generic/pgf/basiclayer/pgfcorelayers.code.tex
File: pgfcorelayers.code.tex 2021/05/15 v3.1.9a (3.1.9a)
) (/usr/share/texlive/texmf-dist/tex/generic/pgf/basiclayer/pgfcoretransparency.code.tex
File: pgfcoretransparency.code.tex 2021/05/15 v3.1.9a (3.1.9a)
) (/usr/share/texlive/texmf-dist/tex/generic/pgf/basiclayer/pgfcorepatterns.code.tex
File: pgfcorepatterns.code.tex 2021/05/15 v3.1.9a (3.1.9a)
) (/usr/share/texlive/texmf-dist/tex/generic/pgf/basiclayer/pgfcorerdf.code.tex
File: pgfcorerdf.code.tex 2021/05/15 v3.1.9a (3.1.9a)
))) (/usr/share/texlive/texmf-dist/tex/generic/pgf/modules/pgfmoduleshapes.code.tex
File: pgfmoduleshapes.code.tex 2021/05/15 v3.1.9a (3.1.9a)
\pgfnodeparttextbox=\box127
) (/usr/share/texlive/texmf-dist/tex/generic/pgf/modules/pgfmoduleplot.code.tex
File: pgfmoduleplot.code.tex 2021/05/15 v3.1.9a (3.1.9a)
) (/usr/share/texlive/texmf-dist/tex/latex/pgf/compatibility/pgfcomp-version-0-65.sty
Package: pgfcomp-version-0-65 2021/05/15 v3.1.9a (3.1.9a)
\pgf@nodesepstart=\dimen293
\pgf@nodesepend=\dimen294
) (/usr/share/texlive/texmf-dist/tex/latex/pgf/compatibility/pgfcomp-version-1-18.sty
Package: pgfcomp-version-1-18 2021/05/15 v3.1.9a (3.1.9a)
)) (/usr/share/texlive/texmf-dist/tex/latex/tools/verbatim.sty
Package: verbatim 2020-07-07 v1.5u LaTeX2e package for verbatim enhancements
\every@verbatim=\toks41
\verbatim@line=\toks42
\verbatim@in@stream=\read3
) (/usr/share/texlive/texmf-dist/tex/latex/environ/environ.sty
Package: environ 2014/05/04 v0.3 A new way to define environments
 (/usr/share/texlive/texmf-dist/tex/latex/trimspaces/trimspaces.sty
Package: trimspaces 2009/09/17 v1.1 Trim spaces around a token list
)) (/usr/share/texlive/texmf-dist/tex/latex/etoolbox/etoolbox.sty
Package: etoolbox 2020/10/05 v2.5k e-TeX tools for LaTeX (JAW)
\etb@tempcnta=\count315
)
\tcb@titlebox=\box128
\tcb@upperbox=\box129
\tcb@lowerbox=\box130
\tcb@phantombox=\box131
\c@tcbbreakpart=\count316
\c@tcblayer=\count317
\c@tcolorbox@number=\count318
\tcb@temp=\box132
\tcb@temp=\box133
\tcb@temp=\box134
\tcb@temp=\box135
 (/usr/share/texlive/texmf-dist/tex/latex/tcolorbox/tcbraster.code.tex
Library (tcolorbox): 'tcbraster.code.tex' version '5.0.2'
\c@tcbrastercolumn=\count319
\c@tcbrasterrow=\count320
\c@tcbrasternum=\count321
\c@tcbraster=\count322
) (/usr/share/texlive/texmf-dist/tex/latex/tcolorbox/tcbskins.code.tex
Library (tcolorbox): 'tcbskins.code.tex' version '5.0.2'
(/usr/share/texlive/texmf-dist/tex/latex/pgf/frontendlayer/tikz.sty (/usr/share/texlive/texmf-dist/tex/latex/pgf/utilities/pgffor.sty (/usr/share/texlive/texmf-dist/tex/latex/pgf/utilities/pgfkeys.sty (/usr/share/texlive/texmf-dist/tex/generic/pgf/utilities/pgfkeys.code.tex)) (/usr/share/texlive/texmf-dist/tex/latex/pgf/math/pgfmath.sty (/usr/share/texlive/texmf-dist/tex/generic/pgf/math/pgfmath.code.tex)) (/usr/share/texlive/texmf-dist/tex/generic/pgf/utilities/pgffor.code.tex
Package: pgffor 2021/05/15 v3.1.9a (3.1.9a)
 (/usr/share/texlive/texmf-dist/tex/generic/pgf/math/pgfmath.code.tex)
\pgffor@iter=\dimen295
\pgffor@skip=\dimen296
\pgffor@stack=\toks43
\pgffor@toks=\toks44
)) (/usr/share/texlive/texmf-dist/tex/generic/pgf/frontendlayer/tikz/tikz.code.tex
Package: tikz 2021/05/15 v3.1.9a (3.1.9a)
 (/usr/share/texlive/texmf-dist/tex/generic/pgf/libraries/pgflibraryplothandlers.code.tex
File: pgflibraryplothandlers.code.tex 2021/05/15 v3.1.9a (3.1.9a)
\pgf@plot@mark@count=\count323
\pgfplotmarksize=\dimen297
)
\tikz@lastx=\dimen298
\tikz@lasty=\dimen299
\tikz@lastxsaved=\dimen300
\tikz@lastysaved=\dimen301
\tikz@lastmovetox=\dimen302
\tikz@lastmovetoy=\dimen303
\tikzleveldistance=\dimen304
\tikzsiblingdistance=\dimen305
\tikz@figbox=\box136
\tikz@figbox@bg=\box137
\tikz@tempbox=\box138
\tikz@tempbox@bg=\box139
\tikztreelevel=\count324
\tikznumberofchildren=\count325
\tikznumberofcurrentchild=\count326
\tikz@fig@count=\count327
 (/usr/share/texlive/texmf-dist/tex/generic/pgf/modules/pgfmodulematrix.code.tex
File: pgfmodulematrix.code.tex 2021/05/15 v3.1.9a (3.1.9a)
\pgfmatrixcurrentrow=\count328
\pgfmatrixcurrentcolumn=\count329
\pgf@matrix@numberofcolumns=\count330
)
\tikz@expandcount=\count331
 (/usr/share/texlive/texmf-dist/tex/generic/pgf/frontendlayer/tikz/libraries/tikzlibrarytopaths.code.tex
File: tikzlibrarytopaths.code.tex 2021/05/15 v3.1.9a (3.1.9a)
)))
\tcb@waterbox=\box140
 (/usr/share/texlive/texmf-dist/tex/latex/tcolorbox/tcbskinsjigsaw.code.tex
Library (tcolorbox): 'tcbskinsjigsaw.code.tex' version '5.0.2'
)) (/usr/share/texlive/texmf-dist/tex/latex/tcolorbox/tcbbreakable.code.tex
Library (tcolorbox): 'tcbbreakable.code.tex' version '5.0.2'
(/usr/share/texlive/texmf-dist/tex/generic/oberdiek/pdfcol.sty
Package: pdfcol 2019/12/29 v1.6 Handle new color stacks for pdfTeX (HO)
 (/usr/share/texlive/texmf-dist/tex/generic/ltxcmds/ltxcmds.sty
Package: ltxcmds 2020-05-10 v1.25 LaTeX kernel commands for general use (HO)
) (/usr/share/texlive/texmf-dist/tex/generic/infwarerr/infwarerr.sty
Package: infwarerr 2019/12/03 v1.5 Providing info/warning/error messages (HO)
) (/usr/share/texlive/texmf-dist/tex/generic/iftex/iftex.sty
Package: iftex 2020/03/06 v1.0d TeX engine tests
)
Package pdfcol Info: Interface disabled because of missing PDF mode of pdfTeX.
)
Package pdfcol Info: pdfTeX's color stacks are not available.
\tcb@testbox=\box141
\tcb@totalupperbox=\box142
\tcb@totallowerbox=\box143
) (/usr/share/texlive/texmf-dist/tex/latex/tcolorbox/tcbhooks.code.tex
Library (tcolorbox): 'tcbhooks.code.tex' version '5.0.2'
) (/usr/share/texlive/texmf-dist/tex/latex/tcolorbox/tcbtheorems.code.tex
Library (tcolorbox): 'tcbtheorems.code.tex' version '5.0.2'
) (/usr/share/texlive/texmf-dist/tex/latex/tcolorbox/tcbfitting.code.tex
Library (tcolorbox): 'tcbfitting.code.tex' version '5.0.2'
\tcbfitdim=\dimen306
\tcb@lowerfitdim=\dimen307
\tcb@upperfitdim=\dimen308
\tcb@cur@hbadness=\count332
) (/usr/share/texlive/texmf-dist/tex/latex/tcolorbox/tcbxparse.code.tex
Library (tcolorbox): 'tcbxparse.code.tex' version '5.0.2'
(/usr/share/texlive/texmf-dist/tex/latex/l3packages/xparse/xparse.sty (/usr/share/texlive/texmf-dist/tex/latex/l3kernel/expl3.sty
Package: expl3 2022-01-21 L3 programming layer (loader) 
 (/usr/share/texlive/texmf-dist/tex/latex/l3backend/l3backend-dvips.def
File: l3backend-dvips.def 2022-01-12 L3 backend support: dvips
\l__pdf_internal_box=\box144
\g__pdf_backend_object_int=\count333
\l__pdf_backend_content_box=\box145
\l__pdf_backend_model_box=\box146
\g__pdf_backend_annotation_int=\count334
\g__pdf_backend_link_int=\count335
\g__pdf_backend_link_sf_int=\count336
))
Package: xparse 2022-01-12 L3 Experimental document command parser
)) (/usr/share/texlive/texmf-dist/tex/latex/tcolorbox/tcblistingsutf8.code.tex
Library (tcolorbox): 'tcblistingsutf8.code.tex' version '5.0.2'
(/usr/share/texlive/texmf-dist/tex/latex/tcolorbox/tcblistings.code.tex
Library (tcolorbox): 'tcblistings.code.tex' version '5.0.2'
(/usr/share/texlive/texmf-dist/tex/latex/tcolorbox/tcblistingscore.code.tex
Library (tcolorbox): 'tcblistingscore.code.tex' version '5.0.2'
(/usr/share/texlive/texmf-dist/tex/latex/tcolorbox/tcbprocessing.code.tex
Library (tcolorbox): 'tcbprocessing.code.tex' version '5.0.2'
(/usr/share/texlive/texmf-dist/tex/generic/pdftexcmds/pdftexcmds.sty
Package: pdftexcmds 2020-06-27 v0.33 Utility functions of pdfTeX for LuaTeX (HO)
Package pdftexcmds Info: \pdf@primitive is available.
Package pdftexcmds Info: \pdf@ifprimitive is available.
Package pdftexcmds Info: \pdfdraftmode not found.
) (/usr/share/texlive/texmf-dist/tex/latex/tools/shellesc.sty
Package: shellesc 2019/11/08 v1.0c unified shell escape interface for LaTeX
Package shellesc Info: Restricted shell escape enabled on input line 77.
))
\c@tcblisting=\count337
))
Package tcolorbox Info: Library `listingsutf8' is compatible with pdftex only. Library `listings` is loaded instead. on input line 29.
) (/usr/share/texlive/texmf-dist/tex/latex/tcolorbox/tcbexternal.code.tex
Library (tcolorbox): 'tcbexternal.code.tex' version '5.0.2'
) (/usr/share/texlive/texmf-dist/tex/latex/tcolorbox/tcbmagazine.code.tex
Library (tcolorbox): 'tcbmagazine.code.tex' version '5.0.2'
) (/usr/share/texlive/texmf-dist/tex/latex/tcolorbox/tcbvignette.code.tex
Library (tcolorbox): 'tcbvignette.code.tex' version '5.0.2'
(/usr/share/texlive/texmf-dist/tex/generic/pgf/frontendlayer/tikz/libraries/tikzlibraryfadings.code.tex
File: tikzlibraryfadings.code.tex 2021/05/15 v3.1.9a (3.1.9a)
 (/usr/share/texlive/texmf-dist/tex/generic/pgf/libraries/pgflibraryfadings.code.tex
File: pgflibraryfadings.code.tex 2021/05/15 v3.1.9a (3.1.9a)
))) (/usr/share/texlive/texmf-dist/tex/latex/tcolorbox/tcbposter.code.tex
Library (tcolorbox): 'tcbposter.code.tex' version '5.0.2'
)) (/usr/share/texlive/texmf-dist/tex/platex/pxchfon/pxchfon.sty
Package: pxchfon 2021/05/30 v1.9
) (/usr/share/texlive/texmf-dist/tex/latex/titlesec/titlesec.sty
Package: titlesec 2021/07/05 v2.14 Sectioning titles
\ttl@box=\box147
\beforetitleunit=\skip75
\aftertitleunit=\skip76
\ttl@plus=\dimen309
\ttl@minus=\dimen310
\ttl@toksa=\toks45
\titlewidth=\dimen311
\titlewidthlast=\dimen312
\titlewidthfirst=\dimen313
) (/usr/share/texlive/texmf-dist/tex/generic/ulem/ulem.sty
\UL@box=\box148
\UL@hyphenbox=\box149
\UL@skip=\skip77
\UL@hook=\toks46
\UL@height=\dimen314
\UL@pe=\count338
\UL@pixel=\dimen315
\ULC@box=\box150
Package: ulem 2019/11/18
\ULdepth=\dimen316
) (/usr/share/texlive/texmf-dist/tex/latex/setspace/setspace.sty
Package: setspace 2011/12/19 v6.7a set line spacing
) (/usr/share/texlive/texmf-dist/tex/latex/hyperref/hyperref.sty
Package: hyperref 2021-06-07 v7.00m Hypertext links for LaTeX
 (/usr/share/texlive/texmf-dist/tex/generic/kvsetkeys/kvsetkeys.sty
Package: kvsetkeys 2019/12/15 v1.18 Key value parser (HO)
) (/usr/share/texlive/texmf-dist/tex/generic/kvdefinekeys/kvdefinekeys.sty
Package: kvdefinekeys 2019-12-19 v1.6 Define keys (HO)
) (/usr/share/texlive/texmf-dist/tex/generic/pdfescape/pdfescape.sty
Package: pdfescape 2019/12/09 v1.15 Implements pdfTeX's escape features (HO)
) (/usr/share/texlive/texmf-dist/tex/latex/hycolor/hycolor.sty
Package: hycolor 2020-01-27 v1.10 Color options for hyperref/bookmark (HO)
) (/usr/share/texlive/texmf-dist/tex/latex/letltxmacro/letltxmacro.sty
Package: letltxmacro 2019/12/03 v1.6 Let assignment for LaTeX macros (HO)
) (/usr/share/texlive/texmf-dist/tex/latex/auxhook/auxhook.sty
Package: auxhook 2019-12-17 v1.6 Hooks for auxiliary files (HO)
) (/usr/share/texlive/texmf-dist/tex/latex/kvoptions/kvoptions.sty
Package: kvoptions 2020-10-07 v3.14 Key value format for package options (HO)
)
\@linkdim=\dimen317
\Hy@linkcounter=\count339
\Hy@pagecounter=\count340
 (/usr/share/texlive/texmf-dist/tex/latex/hyperref/pd1enc.def
File: pd1enc.def 2021-06-07 v7.00m Hyperref: PDFDocEncoding definition (HO)
Now handling font encoding PD1 ...
... no UTF-8 mapping file for font encoding PD1
) (/usr/share/texlive/texmf-dist/tex/latex/hyperref/hyperref-langpatches.def
File: hyperref-langpatches.def 2021-06-07 v7.00m Hyperref: patches for babel languages
) (/usr/share/texlive/texmf-dist/tex/generic/intcalc/intcalc.sty
Package: intcalc 2019/12/15 v1.3 Expandable calculations with integers (HO)
) (/usr/share/texlive/texmf-dist/tex/generic/etexcmds/etexcmds.sty
Package: etexcmds 2019/12/15 v1.7 Avoid name clashes with e-TeX commands (HO)
)
\Hy@SavedSpaceFactor=\count341
 (/usr/share/texlive/texmf-dist/tex/latex/hyperref/puenc.def
File: puenc.def 2021-06-07 v7.00m Hyperref: PDF Unicode definition (HO)
Now handling font encoding PU ...
... no UTF-8 mapping file for font encoding PU
)
Package hyperref Info: Option `colorlinks' set `true' on input line 4073.
Package hyperref Info: Hyper figures OFF on input line 4192.
Package hyperref Info: Link nesting OFF on input line 4197.
Package hyperref Info: Hyper index ON on input line 4200.
Package hyperref Info: Plain pages OFF on input line 4207.
Package hyperref Info: Backreferencing OFF on input line 4212.
Package hyperref Info: Implicit mode ON; LaTeX internals redefined.
Package hyperref Info: Bookmarks ON on input line 4445.
\c@Hy@tempcnt=\count342
LaTeX Info: Redefining \url on input line 4804.
\XeTeXLinkMargin=\dimen318
 (/usr/share/texlive/texmf-dist/tex/generic/bitset/bitset.sty
Package: bitset 2019/12/09 v1.3 Handle bit-vector datatype (HO)
 (/usr/share/texlive/texmf-dist/tex/generic/bigintcalc/bigintcalc.sty
Package: bigintcalc 2019/12/15 v1.5 Expandable calculations on big integers (HO)
))
\Fld@menulength=\count343
\Field@Width=\dimen319
\Fld@charsize=\dimen320
Package hyperref Info: Hyper figures OFF on input line 6076.
Package hyperref Info: Link nesting OFF on input line 6081.
Package hyperref Info: Hyper index ON on input line 6084.
Package hyperref Info: backreferencing OFF on input line 6091.
Package hyperref Info: Link coloring ON on input line 6094.
Package hyperref Info: Link coloring with OCG OFF on input line 6101.
Package hyperref Info: PDF/A mode OFF on input line 6106.
LaTeX Info: Redefining \ref on input line 6146.
LaTeX Info: Redefining \pageref on input line 6150.
 (/usr/share/texlive/texmf-dist/tex/latex/base/atbegshi-ltx.sty
Package: atbegshi-ltx 2021/01/10 v1.0c Emulation of the original atbegshi
package with kernel methods
)
\Hy@abspage=\count344
\c@Item=\count345
\c@Hfootnote=\count346
)
Package hyperref Info: Driver (default): hdvips.
 (/usr/share/texlive/texmf-dist/tex/latex/hyperref/hdvips.def
File: hdvips.def 2021-06-07 v7.00m Hyperref driver for dvips
 (/usr/share/texlive/texmf-dist/tex/latex/hyperref/pdfmark.def
File: pdfmark.def 2021-06-07 v7.00m Hyperref definitions for pdfmark specials
\pdf@docset=\toks47
\pdf@box=\box151
\pdf@toks=\toks48
\pdf@defaulttoks=\toks49
\HyField@AnnotCount=\count347
\Fld@listcount=\count348
\c@bookmark@seq@number=\count349
 (/usr/share/texlive/texmf-dist/tex/latex/rerunfilecheck/rerunfilecheck.sty
Package: rerunfilecheck 2019/12/05 v1.9 Rerun checks for auxiliary files (HO)
 (/usr/share/texlive/texmf-dist/tex/latex/base/atveryend-ltx.sty
Package: atveryend-ltx 2020/08/19 v1.0a Emulation of the original atveryend package
with kernel methods
) (/usr/share/texlive/texmf-dist/tex/generic/uniquecounter/uniquecounter.sty
Package: uniquecounter 2019/12/15 v1.4 Provide unlimited unique counter (HO)
)
Package uniquecounter Info: New unique counter `rerunfilecheck' on input line 286.
)
\Hy@SectionHShift=\skip78
))
\SecBadgeW=\skip79
 (./main.aux

LaTeX Warning: Label `fig:chiRPA' multiply defined.

)
\openout1 = `main.aux'.

LaTeX Font Info:    Checking defaults for OML/cmm/m/it on input line 302.
LaTeX Font Info:    ... okay on input line 302.
LaTeX Font Info:    Checking defaults for OMS/cmsy/m/n on input line 302.
LaTeX Font Info:    ... okay on input line 302.
LaTeX Font Info:    Checking defaults for OT1/cmr/m/n on input line 302.
LaTeX Font Info:    ... okay on input line 302.
LaTeX Font Info:    Checking defaults for T1/cmr/m/n on input line 302.
LaTeX Font Info:    ... okay on input line 302.
LaTeX Font Info:    Checking defaults for TS1/cmr/m/n on input line 302.
LaTeX Font Info:    ... okay on input line 302.
LaTeX Font Info:    Checking defaults for OMX/cmex/m/n on input line 302.
LaTeX Font Info:    ... okay on input line 302.
LaTeX Font Info:    Checking defaults for U/cmr/m/n on input line 302.
LaTeX Font Info:    ... okay on input line 302.
LaTeX Font Info:    Checking defaults for JY1/mc/m/n on input line 302.
LaTeX Font Info:    ... okay on input line 302.
LaTeX Font Info:    Checking defaults for JT1/mc/m/n on input line 302.
LaTeX Font Info:    ... okay on input line 302.
LaTeX Font Info:    Checking defaults for PD1/pdf/m/n on input line 302.
LaTeX Font Info:    ... okay on input line 302.
LaTeX Font Info:    Checking defaults for PU/pdf/m/n on input line 302.
LaTeX Font Info:    ... okay on input line 302.
\c@lstlisting=\count350
Package hyperref Info: Link coloring ON on input line 302.
 (/usr/share/texlive/texmf-dist/tex/latex/hyperref/nameref.sty
Package: nameref 2021-04-02 v2.47 Cross-referencing by name of section
 (/usr/share/texlive/texmf-dist/tex/latex/refcount/refcount.sty
Package: refcount 2019/12/15 v3.6 Data extraction from label references (HO)
) (/usr/share/texlive/texmf-dist/tex/generic/gettitlestring/gettitlestring.sty
Package: gettitlestring 2019/12/15 v1.6 Cleanup title references (HO)
)
\c@section@level=\count351
)
LaTeX Info: Redefining \ref on input line 302.
LaTeX Info: Redefining \pageref on input line 302.
LaTeX Info: Redefining \nameref on input line 302.
 (./main.out) (./main.out)
\@outlinefile=\write5
\openout5 = `main.out'.

LaTeX Font Info:    Trying to load font information for U+msa on input line 307.
 (/usr/share/texlive/texmf-dist/tex/latex/amsfonts/umsa.fd
File: umsa.fd 2013/01/14 v3.01 AMS symbols A
)
LaTeX Font Info:    Trying to load font information for U+msb on input line 307.
 (/usr/share/texlive/texmf-dist/tex/latex/amsfonts/umsb.fd
File: umsb.fd 2013/01/14 v3.01 AMS symbols B
) [1

] [1] [2]
第 1 章
LaTeX Font Info:    Font shape `JT1/mc/bx/n' in size <24.88> not available
(Font)              Font shape `JT1/gt/m/n' tried instead on input line 322.
LaTeX Font Info:    Font shape `JY1/mc/bx/n' in size <24.88> not available
(Font)              Font shape `JY1/gt/m/n' tried instead on input line 322.
LaTeX Font Info:    Font shape `JT1/mc/bx/n' in size <20.74> not available
(Font)              Font shape `JT1/gt/m/n' tried instead on input line 322.
LaTeX Font Info:    Font shape `JY1/mc/bx/n' in size <20.74> not available
(Font)              Font shape `JY1/gt/m/n' tried instead on input line 322.
LaTeX Font Info:    Font shape `JT1/mc/bx/n' in size <17.28> not available
(Font)              Font shape `JT1/gt/m/n' tried instead on input line 324.
LaTeX Font Info:    Font shape `JY1/mc/bx/n' in size <17.28> not available
(Font)              Font shape `JY1/gt/m/n' tried instead on input line 324.

Overfull \hbox (53.67235pt too wide) in paragraph at lines 324--324
|[]| 
 []

[3

] [4]
Overfull \hbox (53.67235pt too wide) in paragraph at lines 353--353
|[]| 
 []

[5]
Overfull \hbox (53.67235pt too wide) in paragraph at lines 362--362
|[]| 
 []

LaTeX Font Info:    Font shape `JT1/mc/bx/n' in size <12> not available
(Font)              Font shape `JT1/gt/m/n' tried instead on input line 363.
LaTeX Font Info:    Font shape `JY1/mc/bx/n' in size <12> not available
(Font)              Font shape `JY1/gt/m/n' tried instead on input line 363.
[6]
File: Oncampus-Fig1_v1.eps Graphic file (type eps)
<Oncampus-Fig1_v1.eps>
 [7]
File: Oncampus-Fig2.eps Graphic file (type eps)
<Oncampus-Fig2.eps>
 [8] [9]
File: Oncampus-Fig4.eps Graphic file (type eps)
<Oncampus-Fig4.eps>
 [10] [11] [12]
\tcb@out=\write6
\openout6 = `main.listing'.

 (/usr/share/texlive/texmf-dist/tex/latex/listings/lstlang1.sty
File: lstlang1.sty 2020/03/24 1.8d listings language file
) (./main.listing
LaTeX Font Info:    Kanji font shape `JY1/mc/m/it' undefined
(Font)              No change on input line 1.
LaTeX Font Info:    Kanji font shape `JY1/mc/m/it' undefined
(Font)              No change on input line 1.
LaTeX Font Info:    Kanji font shape `JY1/mc/m/it' undefined
(Font)              No change on input line 1.
LaTeX Font Info:    Kanji font shape `JY1/mc/m/it' undefined
(Font)              No change on input line 1.
LaTeX Font Info:    Kanji font shape `JY1/mc/m/it' undefined
(Font)              No change on input line 1.
LaTeX Font Info:    Kanji font shape `JY1/mc/m/it' undefined
(Font)              No change on input line 1.
LaTeX Font Info:    Kanji font shape `JY1/mc/m/it' undefined
(Font)              No change on input line 1.
LaTeX Font Info:    Kanji font shape `JY1/mc/m/it' undefined
(Font)              No change on input line 1.
LaTeX Font Info:    Kanji font shape `JY1/mc/m/it' undefined
(Font)              No change on input line 1.
LaTeX Font Info:    Trying to load font information for TS1+cmtt on input line 8.
 (/usr/share/texlive/texmf-dist/tex/latex/base/ts1cmtt.fd
File: ts1cmtt.fd 2019/12/16 v2.5j Standard LaTeX font definitions
)
LaTeX Font Info:    Font shape `JT1/mc/bx/n' in size <10.95> not available
(Font)              Font shape `JT1/gt/m/n' tried instead on input line 10.
LaTeX Font Info:    Font shape `JY1/mc/bx/n' in size <10.95> not available
(Font)              Font shape `JY1/gt/m/n' tried instead on input line 10.
LaTeX Font Info:    Font shape `OT1/cmtt/bx/n' in size <10.95> not available
(Font)              Font shape `OT1/cmtt/m/n' tried instead on input line 10.
) [13] [14] [15]
\openout6 = `main.listing'.

 (/usr/share/texlive/texmf-dist/tex/latex/listings/lstlang1.sty
File: lstlang1.sty 2020/03/24 1.8d listings language file
) (/usr/share/texlive/texmf-dist/tex/latex/listings/lstlang1.sty
File: lstlang1.sty 2020/03/24 1.8d listings language file
) (/usr/share/texlive/texmf-dist/tex/latex/listings/lstmisc.sty
File: lstmisc.sty 2020/03/24 1.8d (Carsten Heinz)
) (./main.listing) [16]
第 2 章

Overfull \hbox (53.67235pt too wide) in paragraph at lines 650--650
|[]| 
 []

[17

]
Overfull \hbox (53.67235pt too wide) in paragraph at lines 690--690
|[]| 
 []

[18] [19] [20]
Overfull \hbox (53.67235pt too wide) in paragraph at lines 824--824
|[]| 
 []

\openout6 = `main.listing'.

(./main.listing) [21] [22]
Overfull \hbox (26.67761pt too wide) in paragraph at lines 872--879
\JY1/mc/m/n/12 以下は \OT1/cmtt/m/n/12 fftw_-plan plan = fftw_-plan_-dft_-2d( Nx, Ny, in, out, FFTW_-FORWARD, FFTW_-
 []


Underfull \hbox (badness 2401) in paragraph at lines 935--935
[]|\JY1/mc/m/n/12 変換方向を指定する 。 \OT1/cmtt/m/n/12 FFTW_-FORWARD \JY1/mc/m/n/12 は順変換 ， \OT1/cmtt/m/n/12 FFTW_-
 []

[23] [24]
File: lorentzianreal.eps Graphic file (type eps)
<lorentzianreal.eps>
File: lorentziankmag.eps Graphic file (type eps)
<lorentziankmag.eps>
File: lorentzian-kx-slice-ky0.eps Graphic file (type eps)
<lorentzian-kx-slice-ky0.eps>

Overfull \hbox (53.67235pt too wide) in paragraph at lines 993--993
|[]| 
 []

[25] [26]
LaTeX Font Info:    Font shape `OT1/cmtt/bx/n' in size <17.28> not available
(Font)              Font shape `OT1/cmtt/m/n' tried instead on input line 1021.
 [27]
Overfull \hbox (42.96213pt too wide) in paragraph at lines 1054--1055
[]\OT1/cmr/m/n/12 reduction \JY1/mc/m/n/12 の基本的な構文は\OT1/cmtt/m/n/12 #pragma omp parallel for reduction(operator : variable)
 []

[28] [29]
第 3 章

Overfull \hbox (53.67235pt too wide) in paragraph at lines 1078--1078
|[]| 
 []

File: Fig-tightbinding.eps Graphic file (type eps)
<Fig-tightbinding.eps>
[30

] [31]
Overfull \hbox (53.67235pt too wide) in paragraph at lines 1203--1203
|[]| 
 []

[32]

Package hyperref Warning: Token not allowed in a PDF string (PDFDocEncoding):
(hyperref)                removing `math shift' on input line 1216.


Package hyperref Warning: Token not allowed in a PDF string (PDFDocEncoding):
(hyperref)                removing `\mu' on input line 1216.


Package hyperref Warning: Token not allowed in a PDF string (PDFDocEncoding):
(hyperref)                removing `math shift' on input line 1216.

[33] [34]
第 4 章

Package hyperref Warning: Difference (2) between bookmark levels is greater 
(hyperref)                than one, level fixed on input line 1229.

\openout6 = `main.listing'.

(./main.listing
LaTeX Font Info:    Kanji font shape `JY1/mc/m/it' undefined
(Font)              No change on input line 80.
LaTeX Font Info:    Kanji font shape `JY1/mc/m/it' undefined
(Font)              No change on input line 80.
LaTeX Font Info:    Kanji font shape `JY1/mc/m/it' undefined
(Font)              No change on input line 80.
LaTeX Font Info:    Kanji font shape `JY1/mc/m/it' undefined
(Font)              No change on input line 80.
LaTeX Font Info:    Kanji font shape `JY1/mc/m/it' undefined
(Font)              No change on input line 80.
LaTeX Font Info:    Kanji font shape `JY1/mc/m/it' undefined
(Font)              No change on input line 80.
LaTeX Font Info:    Kanji font shape `JY1/mc/m/it' undefined
(Font)              No change on input line 106.
LaTeX Font Info:    Kanji font shape `JY1/mc/m/it' undefined
(Font)              No change on input line 106.
LaTeX Font Info:    Kanji font shape `JY1/mc/m/it' undefined
(Font)              No change on input line 106.
LaTeX Font Info:    Kanji font shape `JY1/mc/m/it' undefined
(Font)              No change on input line 106.
LaTeX Font Info:    Kanji font shape `JY1/mc/m/it' undefined
(Font)              No change on input line 106.
LaTeX Font Info:    Kanji font shape `JY1/mc/m/it' undefined
(Font)              No change on input line 106.
LaTeX Font Info:    Kanji font shape `JY1/mc/m/it' undefined
(Font)              No change on input line 125.
LaTeX Font Info:    Kanji font shape `JY1/mc/m/it' undefined
(Font)              No change on input line 125.
LaTeX Font Info:    Kanji font shape `JY1/mc/m/it' undefined
(Font)              No change on input line 125.
LaTeX Font Info:    Kanji font shape `JY1/mc/m/it' undefined
(Font)              No change on input line 125.
LaTeX Font Info:    Kanji font shape `JY1/mc/m/it' undefined
(Font)              No change on input line 125.
LaTeX Font Info:    Kanji font shape `JY1/mc/m/it' undefined
(Font)              No change on input line 125.
LaTeX Font Info:    Kanji font shape `JY1/mc/m/it' undefined
(Font)              No change on input line 126.
LaTeX Font Info:    Kanji font shape `JY1/mc/m/it' undefined
(Font)              No change on input line 126.
LaTeX Font Info:    Kanji font shape `JY1/mc/m/it' undefined
(Font)              No change on input line 126.
LaTeX Font Info:    Kanji font shape `JY1/mc/m/it' undefined
(Font)              No change on input line 126.
LaTeX Font Info:    Kanji font shape `JY1/mc/m/it' undefined
(Font)              No change on input line 126.
LaTeX Font Info:    Kanji font shape `JY1/mc/m/it' undefined
(Font)              No change on input line 126.
LaTeX Font Info:    Kanji font shape `JY1/mc/m/it' undefined
(Font)              No change on input line 126.
LaTeX Font Info:    Kanji font shape `JY1/mc/m/it' undefined
(Font)              No change on input line 126.
LaTeX Font Info:    Kanji font shape `JY1/mc/m/it' undefined
(Font)              No change on input line 126.
LaTeX Font Info:    Kanji font shape `JY1/mc/m/it' undefined
(Font)              No change on input line 126.
LaTeX Font Info:    Kanji font shape `JY1/mc/m/it' undefined
(Font)              No change on input line 126.
LaTeX Font Info:    Kanji font shape `JY1/mc/m/it' undefined
(Font)              No change on input line 126.
LaTeX Font Info:    Kanji font shape `JY1/mc/m/it' undefined
(Font)              No change on input line 127.
LaTeX Font Info:    Kanji font shape `JY1/mc/m/it' undefined
(Font)              No change on input line 127.
LaTeX Font Info:    Kanji font shape `JY1/mc/m/it' undefined
(Font)              No change on input line 127.
LaTeX Font Info:    Kanji font shape `JY1/mc/m/it' undefined
(Font)              No change on input line 127.
LaTeX Font Info:    Kanji font shape `JY1/mc/m/it' undefined
(Font)              No change on input line 127.
LaTeX Font Info:    Kanji font shape `JY1/mc/m/it' undefined
(Font)              No change on input line 127.
LaTeX Font Info:    Kanji font shape `JY1/mc/m/it' undefined
(Font)              No change on input line 127.
LaTeX Font Info:    Kanji font shape `JY1/mc/m/it' undefined
(Font)              No change on input line 127.
LaTeX Font Info:    Kanji font shape `JY1/mc/m/it' undefined
(Font)              No change on input line 127.
LaTeX Font Info:    Kanji font shape `JY1/mc/m/it' undefined
(Font)              No change on input line 127.
LaTeX Font Info:    Kanji font shape `JY1/mc/m/it' undefined
(Font)              No change on input line 127.
LaTeX Font Info:    Kanji font shape `JY1/mc/m/it' undefined
(Font)              No change on input line 128.
LaTeX Font Info:    Kanji font shape `JY1/mc/m/it' undefined
(Font)              No change on input line 128.
LaTeX Font Info:    Kanji font shape `JY1/mc/m/it' undefined
(Font)              No change on input line 128.
LaTeX Font Info:    Kanji font shape `JY1/mc/m/it' undefined
(Font)              No change on input line 128.
LaTeX Font Info:    Kanji font shape `JY1/mc/m/it' undefined
(Font)              No change on input line 128.
LaTeX Font Info:    Kanji font shape `JY1/mc/m/it' undefined
(Font)              No change on input line 128.
LaTeX Font Info:    Kanji font shape `JY1/mc/m/it' undefined
(Font)              No change on input line 128.
LaTeX Font Info:    Kanji font shape `JY1/mc/m/it' undefined
(Font)              No change on input line 128.
LaTeX Font Info:    Kanji font shape `JY1/mc/m/it' undefined
(Font)              No change on input line 128.
LaTeX Font Info:    Kanji font shape `JY1/mc/m/it' undefined
(Font)              No change on input line 128.
LaTeX Font Info:    Kanji font shape `JY1/mc/m/it' undefined
(Font)              No change on input line 128.
LaTeX Font Info:    Kanji font shape `JY1/mc/m/it' undefined
(Font)              No change on input line 140.
LaTeX Font Info:    Kanji font shape `JY1/mc/m/it' undefined
(Font)              No change on input line 140.
LaTeX Font Info:    Kanji font shape `JY1/mc/m/it' undefined
(Font)              No change on input line 140.
LaTeX Font Info:    Kanji font shape `JY1/mc/m/it' undefined
(Font)              No change on input line 140.
LaTeX Font Info:    Kanji font shape `JY1/mc/m/it' undefined
(Font)              No change on input line 140.
LaTeX Font Info:    Kanji font shape `JY1/mc/m/it' undefined
(Font)              No change on input line 140.
LaTeX Font Info:    Kanji font shape `JY1/mc/m/it' undefined
(Font)              No change on input line 140.
LaTeX Font Info:    Kanji font shape `JY1/mc/m/it' undefined
(Font)              No change on input line 140.
) [35

] [36] [37] [38] [39]
Overfull \hbox (6.29875pt too wide) in paragraph at lines 1435--1435
|[][]
 []

\openout6 = `main.listing'.

(./main.listing
LaTeX Font Info:    Kanji font shape `JY1/mc/m/it' undefined
(Font)              No change on input line 42.
LaTeX Font Info:    Kanji font shape `JY1/mc/m/it' undefined
(Font)              No change on input line 42.
LaTeX Font Info:    Kanji font shape `JY1/mc/m/it' undefined
(Font)              No change on input line 42.
LaTeX Font Info:    Kanji font shape `JY1/mc/m/it' undefined
(Font)              No change on input line 42.
LaTeX Font Info:    Kanji font shape `JY1/mc/m/it' undefined
(Font)              No change on input line 42.
LaTeX Font Info:    Kanji font shape `JY1/mc/m/it' undefined
(Font)              No change on input line 42.
LaTeX Font Info:    Kanji font shape `JY1/mc/m/it' undefined
(Font)              No change on input line 42.
LaTeX Font Info:    Kanji font shape `JY1/mc/m/it' undefined
(Font)              No change on input line 42.
LaTeX Font Info:    Kanji font shape `JY1/mc/m/it' undefined
(Font)              No change on input line 42.
LaTeX Font Info:    Kanji font shape `JY1/mc/m/it' undefined
(Font)              No change on input line 42.
LaTeX Font Info:    Kanji font shape `JY1/mc/m/it' undefined
(Font)              No change on input line 42.
LaTeX Font Info:    Kanji font shape `JY1/mc/m/it' undefined
(Font)              No change on input line 42.
LaTeX Font Info:    Kanji font shape `JY1/mc/m/it' undefined
(Font)              No change on input line 42.
LaTeX Font Info:    Kanji font shape `JY1/mc/m/it' undefined
(Font)              No change on input line 42.
LaTeX Font Info:    Kanji font shape `JY1/mc/m/it' undefined
(Font)              No change on input line 48.
LaTeX Font Info:    Kanji font shape `JY1/mc/m/it' undefined
(Font)              No change on input line 48.
LaTeX Font Info:    Kanji font shape `JY1/mc/m/it' undefined
(Font)              No change on input line 48.
LaTeX Font Info:    Kanji font shape `JY1/mc/m/it' undefined
(Font)              No change on input line 48.
LaTeX Font Info:    Kanji font shape `JY1/mc/m/it' undefined
(Font)              No change on input line 52.
LaTeX Font Info:    Kanji font shape `JY1/mc/m/it' undefined
(Font)              No change on input line 52.
LaTeX Font Info:    Kanji font shape `JY1/mc/m/it' undefined
(Font)              No change on input line 52.
LaTeX Font Info:    Kanji font shape `JY1/mc/m/it' undefined
(Font)              No change on input line 53.
LaTeX Font Info:    Kanji font shape `JY1/mc/m/it' undefined
(Font)              No change on input line 53.
LaTeX Font Info:    Kanji font shape `JY1/mc/m/it' undefined
(Font)              No change on input line 53.
LaTeX Font Info:    Kanji font shape `JY1/mc/m/it' undefined
(Font)              No change on input line 57.
LaTeX Font Info:    Kanji font shape `JY1/mc/m/it' undefined
(Font)              No change on input line 57.
LaTeX Font Info:    Kanji font shape `JY1/mc/m/it' undefined
(Font)              No change on input line 57.
LaTeX Font Info:    Kanji font shape `JY1/mc/m/it' undefined
(Font)              No change on input line 57.
LaTeX Font Info:    Kanji font shape `JY1/mc/m/it' undefined
(Font)              No change on input line 57.
LaTeX Font Info:    Kanji font shape `JY1/mc/m/it' undefined
(Font)              No change on input line 57.
LaTeX Font Info:    Kanji font shape `JY1/mc/m/it' undefined
(Font)              No change on input line 57.
LaTeX Font Info:    Kanji font shape `JY1/mc/m/it' undefined
(Font)              No change on input line 71.
LaTeX Font Info:    Kanji font shape `JY1/mc/m/it' undefined
(Font)              No change on input line 71.
LaTeX Font Info:    Kanji font shape `JY1/mc/m/it' undefined
(Font)              No change on input line 71.
LaTeX Font Info:    Kanji font shape `JY1/mc/m/it' undefined
(Font)              No change on input line 71.
LaTeX Font Info:    Kanji font shape `JY1/mc/m/it' undefined
(Font)              No change on input line 71.
LaTeX Font Info:    Kanji font shape `JY1/mc/m/it' undefined
(Font)              No change on input line 71.
LaTeX Font Info:    Kanji font shape `JY1/mc/m/it' undefined
(Font)              No change on input line 71.
LaTeX Font Info:    Kanji font shape `JY1/mc/m/it' undefined
(Font)              No change on input line 76.
LaTeX Font Info:    Kanji font shape `JY1/mc/m/it' undefined
(Font)              No change on input line 76.
LaTeX Font Info:    Kanji font shape `JY1/mc/m/it' undefined
(Font)              No change on input line 76.
LaTeX Font Info:    Kanji font shape `JY1/mc/m/it' undefined
(Font)              No change on input line 76.
LaTeX Font Info:    Kanji font shape `JY1/mc/m/it' undefined
(Font)              No change on input line 76.
LaTeX Font Info:    Kanji font shape `JY1/mc/m/it' undefined
(Font)              No change on input line 76.
LaTeX Font Info:    Kanji font shape `JY1/mc/m/it' undefined
(Font)              No change on input line 86.
LaTeX Font Info:    Kanji font shape `JY1/mc/m/it' undefined
(Font)              No change on input line 86.
LaTeX Font Info:    Kanji font shape `JY1/mc/m/it' undefined
(Font)              No change on input line 86.
LaTeX Font Info:    Kanji font shape `JY1/mc/m/it' undefined
(Font)              No change on input line 86.

Overfull \hbox (59.71982pt too wide) in paragraph at lines 86--87
[][][][] 
 []

LaTeX Font Info:    Kanji font shape `JY1/mc/m/it' undefined
(Font)              No change on input line 87.
LaTeX Font Info:    Kanji font shape `JY1/mc/m/it' undefined
(Font)              No change on input line 87.
LaTeX Font Info:    Kanji font shape `JY1/mc/m/it' undefined
(Font)              No change on input line 87.
LaTeX Font Info:    Kanji font shape `JY1/mc/m/it' undefined
(Font)              No change on input line 87.
LaTeX Font Info:    Kanji font shape `JY1/mc/m/it' undefined
(Font)              No change on input line 87.
LaTeX Font Info:    Kanji font shape `JY1/mc/m/it' undefined
(Font)              No change on input line 87.
LaTeX Font Info:    Kanji font shape `JY1/mc/m/it' undefined
(Font)              No change on input line 87.
LaTeX Font Info:    Kanji font shape `JY1/mc/m/it' undefined
(Font)              No change on input line 87.
LaTeX Font Info:    Kanji font shape `JY1/mc/m/it' undefined
(Font)              No change on input line 87.
LaTeX Font Info:    Kanji font shape `JY1/mc/m/it' undefined
(Font)              No change on input line 88.
LaTeX Font Info:    Kanji font shape `JY1/mc/m/it' undefined
(Font)              No change on input line 88.
LaTeX Font Info:    Kanji font shape `JY1/mc/m/it' undefined
(Font)              No change on input line 89.
LaTeX Font Info:    Kanji font shape `JY1/mc/m/it' undefined
(Font)              No change on input line 89.
LaTeX Font Info:    Kanji font shape `JY1/mc/m/it' undefined
(Font)              No change on input line 89.
LaTeX Font Info:    Kanji font shape `JY1/mc/m/it' undefined
(Font)              No change on input line 89.
LaTeX Font Info:    Kanji font shape `JY1/mc/m/it' undefined
(Font)              No change on input line 89.
LaTeX Font Info:    Kanji font shape `JY1/mc/m/it' undefined
(Font)              No change on input line 90.
LaTeX Font Info:    Kanji font shape `JY1/mc/m/it' undefined
(Font)              No change on input line 90.
LaTeX Font Info:    Kanji font shape `JY1/mc/m/it' undefined
(Font)              No change on input line 90.
LaTeX Font Info:    Kanji font shape `JY1/mc/m/it' undefined
(Font)              No change on input line 90.
LaTeX Font Info:    Kanji font shape `JY1/mc/m/it' undefined
(Font)              No change on input line 90.
LaTeX Font Info:    Kanji font shape `JY1/mc/m/it' undefined
(Font)              No change on input line 90.
LaTeX Font Info:    Kanji font shape `JY1/mc/m/it' undefined
(Font)              No change on input line 90.
LaTeX Font Info:    Kanji font shape `JY1/mc/m/it' undefined
(Font)              No change on input line 90.
LaTeX Font Info:    Kanji font shape `JY1/mc/m/it' undefined
(Font)              No change on input line 90.
LaTeX Font Info:    Kanji font shape `JY1/mc/m/it' undefined
(Font)              No change on input line 90.
LaTeX Font Info:    Kanji font shape `JY1/mc/m/it' undefined
(Font)              No change on input line 90.
LaTeX Font Info:    Kanji font shape `JY1/mc/m/it' undefined
(Font)              No change on input line 90.
LaTeX Font Info:    Kanji font shape `JY1/mc/m/it' undefined
(Font)              No change on input line 90.
LaTeX Font Info:    Kanji font shape `JY1/mc/m/it' undefined
(Font)              No change on input line 90.
LaTeX Font Info:    Kanji font shape `JY1/mc/m/it' undefined
(Font)              No change on input line 90.
LaTeX Font Info:    Kanji font shape `JY1/mc/m/it' undefined
(Font)              No change on input line 90.
LaTeX Font Info:    Kanji font shape `JY1/mc/m/it' undefined
(Font)              No change on input line 90.
LaTeX Font Info:    Kanji font shape `JY1/mc/m/it' undefined
(Font)              No change on input line 90.
LaTeX Font Info:    Kanji font shape `JY1/mc/m/it' undefined
(Font)              No change on input line 90.
LaTeX Font Info:    Kanji font shape `JY1/mc/m/it' undefined
(Font)              No change on input line 90.
LaTeX Font Info:    Kanji font shape `JY1/mc/m/it' undefined
(Font)              No change on input line 90.
LaTeX Font Info:    Kanji font shape `JY1/mc/m/it' undefined
(Font)              No change on input line 90.
LaTeX Font Info:    Kanji font shape `JY1/mc/m/it' undefined
(Font)              No change on input line 90.
LaTeX Font Info:    Kanji font shape `JY1/mc/m/it' undefined
(Font)              No change on input line 90.
LaTeX Font Info:    Kanji font shape `JY1/mc/m/it' undefined
(Font)              No change on input line 90.
LaTeX Font Info:    Kanji font shape `JY1/mc/m/it' undefined
(Font)              No change on input line 90.
LaTeX Font Info:    Kanji font shape `JY1/mc/m/it' undefined
(Font)              No change on input line 90.
LaTeX Font Info:    Kanji font shape `JY1/mc/m/it' undefined
(Font)              No change on input line 90.
LaTeX Font Info:    Kanji font shape `JY1/mc/m/it' undefined
(Font)              No change on input line 90.
LaTeX Font Info:    Kanji font shape `JY1/mc/m/it' undefined
(Font)              No change on input line 91.
LaTeX Font Info:    Kanji font shape `JY1/mc/m/it' undefined
(Font)              No change on input line 91.
LaTeX Font Info:    Kanji font shape `JY1/mc/m/it' undefined
(Font)              No change on input line 91.
LaTeX Font Info:    Kanji font shape `JY1/mc/m/it' undefined
(Font)              No change on input line 91.
LaTeX Font Info:    Kanji font shape `JY1/mc/m/it' undefined
(Font)              No change on input line 91.
LaTeX Font Info:    Kanji font shape `JY1/mc/m/it' undefined
(Font)              No change on input line 91.
LaTeX Font Info:    Kanji font shape `JY1/mc/m/it' undefined
(Font)              No change on input line 91.
LaTeX Font Info:    Kanji font shape `JY1/mc/m/it' undefined
(Font)              No change on input line 91.
LaTeX Font Info:    Kanji font shape `JY1/mc/m/it' undefined
(Font)              No change on input line 91.
LaTeX Font Info:    Kanji font shape `JY1/mc/m/it' undefined
(Font)              No change on input line 91.
LaTeX Font Info:    Kanji font shape `JY1/mc/m/it' undefined
(Font)              No change on input line 91.
LaTeX Font Info:    Kanji font shape `JY1/mc/m/it' undefined
(Font)              No change on input line 91.
LaTeX Font Info:    Kanji font shape `JY1/mc/m/it' undefined
(Font)              No change on input line 91.
LaTeX Font Info:    Kanji font shape `JY1/mc/m/it' undefined
(Font)              No change on input line 91.
LaTeX Font Info:    Kanji font shape `JY1/mc/m/it' undefined
(Font)              No change on input line 91.
LaTeX Font Info:    Kanji font shape `JY1/mc/m/it' undefined
(Font)              No change on input line 91.
LaTeX Font Info:    Kanji font shape `JY1/mc/m/it' undefined
(Font)              No change on input line 91.
LaTeX Font Info:    Kanji font shape `JY1/mc/m/it' undefined
(Font)              No change on input line 92.
LaTeX Font Info:    Kanji font shape `JY1/mc/m/it' undefined
(Font)              No change on input line 92.
LaTeX Font Info:    Kanji font shape `JY1/mc/m/it' undefined
(Font)              No change on input line 93.
LaTeX Font Info:    Kanji font shape `JY1/mc/m/it' undefined
(Font)              No change on input line 93.
LaTeX Font Info:    Kanji font shape `JY1/mc/m/it' undefined
(Font)              No change on input line 93.
LaTeX Font Info:    Kanji font shape `JY1/mc/m/it' undefined
(Font)              No change on input line 93.
LaTeX Font Info:    Kanji font shape `JY1/mc/m/it' undefined
(Font)              No change on input line 94.
LaTeX Font Info:    Kanji font shape `JY1/mc/m/it' undefined
(Font)              No change on input line 94.
LaTeX Font Info:    Kanji font shape `JY1/mc/m/it' undefined
(Font)              No change on input line 94.
LaTeX Font Info:    Kanji font shape `JY1/mc/m/it' undefined
(Font)              No change on input line 94.
LaTeX Font Info:    Kanji font shape `JY1/mc/m/it' undefined
(Font)              No change on input line 94.
LaTeX Font Info:    Kanji font shape `JY1/mc/m/it' undefined
(Font)              No change on input line 94.
LaTeX Font Info:    Kanji font shape `JY1/mc/m/it' undefined
(Font)              No change on input line 94.
LaTeX Font Info:    Kanji font shape `JY1/mc/m/it' undefined
(Font)              No change on input line 94.
LaTeX Font Info:    Kanji font shape `JY1/mc/m/it' undefined
(Font)              No change on input line 94.
LaTeX Font Info:    Kanji font shape `JY1/mc/m/it' undefined
(Font)              No change on input line 94.
LaTeX Font Info:    Kanji font shape `JY1/mc/m/it' undefined
(Font)              No change on input line 94.
LaTeX Font Info:    Kanji font shape `JY1/mc/m/it' undefined
(Font)              No change on input line 94.
LaTeX Font Info:    Kanji font shape `JY1/mc/m/it' undefined
(Font)              No change on input line 94.
LaTeX Font Info:    Kanji font shape `JY1/mc/m/it' undefined
(Font)              No change on input line 94.
LaTeX Font Info:    Kanji font shape `JY1/mc/m/it' undefined
(Font)              No change on input line 94.
LaTeX Font Info:    Kanji font shape `JY1/mc/m/it' undefined
(Font)              No change on input line 94.
LaTeX Font Info:    Kanji font shape `JY1/mc/m/it' undefined
(Font)              No change on input line 94.
LaTeX Font Info:    Kanji font shape `JY1/mc/m/it' undefined
(Font)              No change on input line 95.
LaTeX Font Info:    Kanji font shape `JY1/mc/m/it' undefined
(Font)              No change on input line 95.
LaTeX Font Info:    Kanji font shape `JY1/mc/m/it' undefined
(Font)              No change on input line 95.
LaTeX Font Info:    Kanji font shape `JY1/mc/m/it' undefined
(Font)              No change on input line 95.
LaTeX Font Info:    Kanji font shape `JY1/mc/m/it' undefined
(Font)              No change on input line 95.
LaTeX Font Info:    Kanji font shape `JY1/mc/m/it' undefined
(Font)              No change on input line 95.
LaTeX Font Info:    Kanji font shape `JY1/mc/m/it' undefined
(Font)              No change on input line 95.
LaTeX Font Info:    Kanji font shape `JY1/mc/m/it' undefined
(Font)              No change on input line 95.
LaTeX Font Info:    Kanji font shape `JY1/mc/m/it' undefined
(Font)              No change on input line 95.
LaTeX Font Info:    Kanji font shape `JY1/mc/m/it' undefined
(Font)              No change on input line 95.
LaTeX Font Info:    Kanji font shape `JY1/mc/m/it' undefined
(Font)              No change on input line 95.
LaTeX Font Info:    Kanji font shape `JY1/mc/m/it' undefined
(Font)              No change on input line 95.
LaTeX Font Info:    Kanji font shape `JY1/mc/m/it' undefined
(Font)              No change on input line 95.
LaTeX Font Info:    Kanji font shape `JY1/mc/m/it' undefined
(Font)              No change on input line 95.
LaTeX Font Info:    Kanji font shape `JY1/mc/m/it' undefined
(Font)              No change on input line 95.
LaTeX Font Info:    Kanji font shape `JY1/mc/m/it' undefined
(Font)              No change on input line 95.
LaTeX Font Info:    Kanji font shape `JY1/mc/m/it' undefined
(Font)              No change on input line 95.
LaTeX Font Info:    Kanji font shape `JY1/mc/m/it' undefined
(Font)              No change on input line 95.
LaTeX Font Info:    Kanji font shape `JY1/mc/m/it' undefined
(Font)              No change on input line 95.
LaTeX Font Info:    Kanji font shape `JY1/mc/m/it' undefined
(Font)              No change on input line 95.
LaTeX Font Info:    Kanji font shape `JY1/mc/m/it' undefined
(Font)              No change on input line 95.
LaTeX Font Info:    Kanji font shape `JY1/mc/m/it' undefined
(Font)              No change on input line 95.
LaTeX Font Info:    Kanji font shape `JY1/mc/m/it' undefined
(Font)              No change on input line 95.
LaTeX Font Info:    Kanji font shape `JY1/mc/m/it' undefined
(Font)              No change on input line 95.
LaTeX Font Info:    Kanji font shape `JY1/mc/m/it' undefined
(Font)              No change on input line 95.
LaTeX Font Info:    Kanji font shape `JY1/mc/m/it' undefined
(Font)              No change on input line 95.
LaTeX Font Info:    Kanji font shape `JY1/mc/m/it' undefined
(Font)              No change on input line 96.
LaTeX Font Info:    Kanji font shape `JY1/mc/m/it' undefined
(Font)              No change on input line 96.
LaTeX Font Info:    Kanji font shape `JY1/mc/m/it' undefined
(Font)              No change on input line 97.
LaTeX Font Info:    Kanji font shape `JY1/mc/m/it' undefined
(Font)              No change on input line 97.
LaTeX Font Info:    Kanji font shape `JY1/mc/m/it' undefined
(Font)              No change on input line 97.
LaTeX Font Info:    Kanji font shape `JY1/mc/m/it' undefined
(Font)              No change on input line 97.
LaTeX Font Info:    Kanji font shape `JY1/mc/m/it' undefined
(Font)              No change on input line 97.
LaTeX Font Info:    Kanji font shape `JY1/mc/m/it' undefined
(Font)              No change on input line 97.
LaTeX Font Info:    Kanji font shape `JY1/mc/m/it' undefined
(Font)              No change on input line 97.
LaTeX Font Info:    Kanji font shape `JY1/mc/m/it' undefined
(Font)              No change on input line 97.
LaTeX Font Info:    Kanji font shape `JY1/mc/m/it' undefined
(Font)              No change on input line 98.
LaTeX Font Info:    Kanji font shape `JY1/mc/m/it' undefined
(Font)              No change on input line 98.
LaTeX Font Info:    Kanji font shape `JY1/mc/m/it' undefined
(Font)              No change on input line 98.
LaTeX Font Info:    Kanji font shape `JY1/mc/m/it' undefined
(Font)              No change on input line 98.
LaTeX Font Info:    Kanji font shape `JY1/mc/m/it' undefined
(Font)              No change on input line 98.
LaTeX Font Info:    Kanji font shape `JY1/mc/m/it' undefined
(Font)              No change on input line 98.
LaTeX Font Info:    Kanji font shape `JY1/mc/m/it' undefined
(Font)              No change on input line 98.
LaTeX Font Info:    Kanji font shape `JY1/mc/m/it' undefined
(Font)              No change on input line 99.
LaTeX Font Info:    Kanji font shape `JY1/mc/m/it' undefined
(Font)              No change on input line 99.
LaTeX Font Info:    Kanji font shape `JY1/mc/m/it' undefined
(Font)              No change on input line 99.
LaTeX Font Info:    Kanji font shape `JY1/mc/m/it' undefined
(Font)              No change on input line 99.

Overfull \hbox (59.71982pt too wide) in paragraph at lines 99--100
[][][][] 
 []

LaTeX Font Info:    Kanji font shape `JY1/mc/m/it' undefined
(Font)              No change on input line 107.
LaTeX Font Info:    Kanji font shape `JY1/mc/m/it' undefined
(Font)              No change on input line 107.
LaTeX Font Info:    Kanji font shape `JY1/mc/m/it' undefined
(Font)              No change on input line 107.
LaTeX Font Info:    Kanji font shape `JY1/mc/m/it' undefined
(Font)              No change on input line 107.
LaTeX Font Info:    Kanji font shape `JY1/mc/m/it' undefined
(Font)              No change on input line 108.
LaTeX Font Info:    Kanji font shape `JY1/mc/m/it' undefined
(Font)              No change on input line 108.
LaTeX Font Info:    Kanji font shape `JY1/mc/m/it' undefined
(Font)              No change on input line 108.
LaTeX Font Info:    Kanji font shape `JY1/mc/m/it' undefined
(Font)              No change on input line 108.
LaTeX Font Info:    Kanji font shape `JY1/mc/m/it' undefined
(Font)              No change on input line 108.
LaTeX Font Info:    Kanji font shape `JY1/mc/m/it' undefined
(Font)              No change on input line 108.
LaTeX Font Info:    Kanji font shape `JY1/mc/m/it' undefined
(Font)              No change on input line 109.
LaTeX Font Info:    Kanji font shape `JY1/mc/m/it' undefined
(Font)              No change on input line 109.
LaTeX Font Info:    Kanji font shape `JY1/mc/m/it' undefined
(Font)              No change on input line 109.
LaTeX Font Info:    Kanji font shape `JY1/mc/m/it' undefined
(Font)              No change on input line 109.
LaTeX Font Info:    Kanji font shape `JY1/mc/m/it' undefined
(Font)              No change on input line 109.
LaTeX Font Info:    Kanji font shape `JY1/mc/m/it' undefined
(Font)              No change on input line 124.
LaTeX Font Info:    Kanji font shape `JY1/mc/m/it' undefined
(Font)              No change on input line 124.
LaTeX Font Info:    Kanji font shape `JY1/mc/m/it' undefined
(Font)              No change on input line 124.
LaTeX Font Info:    Kanji font shape `JY1/mc/m/it' undefined
(Font)              No change on input line 124.
) [40] [41] [42] [43] [44]
\openout6 = `main.listing'.

 (./main.listing) [45]
\openout6 = `main.listing'.

 (./main.listing)
\openout6 = `main.listing'.

 (./main.listing)
\openout6 = `main.listing'.

 (./main.listing
LaTeX Font Info:    Kanji font shape `JY1/mc/m/it' undefined
(Font)              No change on input line 9.
LaTeX Font Info:    Kanji font shape `JY1/mc/m/it' undefined
(Font)              No change on input line 9.
LaTeX Font Info:    Kanji font shape `JY1/mc/m/it' undefined
(Font)              No change on input line 9.
LaTeX Font Info:    Kanji font shape `JY1/mc/m/it' undefined
(Font)              No change on input line 10.
LaTeX Font Info:    Kanji font shape `JY1/mc/m/it' undefined
(Font)              No change on input line 10.
LaTeX Font Info:    Kanji font shape `JY1/mc/m/it' undefined
(Font)              No change on input line 10.
LaTeX Font Info:    Kanji font shape `JY1/mc/m/it' undefined
(Font)              No change on input line 10.
LaTeX Font Info:    Kanji font shape `JY1/mc/m/it' undefined
(Font)              No change on input line 10.
LaTeX Font Info:    Kanji font shape `JY1/mc/m/it' undefined
(Font)              No change on input line 10.
LaTeX Font Info:    Kanji font shape `JY1/mc/m/it' undefined
(Font)              No change on input line 10.
LaTeX Font Info:    Kanji font shape `JY1/mc/m/it' undefined
(Font)              No change on input line 10.
LaTeX Font Info:    Kanji font shape `JY1/mc/m/it' undefined
(Font)              No change on input line 10.
LaTeX Font Info:    Kanji font shape `JY1/mc/m/it' undefined
(Font)              No change on input line 20.
LaTeX Font Info:    Kanji font shape `JY1/mc/m/it' undefined
(Font)              No change on input line 20.
LaTeX Font Info:    Kanji font shape `JY1/mc/m/it' undefined
(Font)              No change on input line 20.
LaTeX Font Info:    Kanji font shape `JY1/mc/m/it' undefined
(Font)              No change on input line 20.
LaTeX Font Info:    Kanji font shape `JY1/mc/m/it' undefined
(Font)              No change on input line 20.
LaTeX Font Info:    Kanji font shape `JY1/mc/m/it' undefined
(Font)              No change on input line 20.
LaTeX Font Info:    Kanji font shape `JY1/mc/m/it' undefined
(Font)              No change on input line 20.
LaTeX Font Info:    Kanji font shape `JY1/mc/m/it' undefined
(Font)              No change on input line 26.
LaTeX Font Info:    Kanji font shape `JY1/mc/m/it' undefined
(Font)              No change on input line 26.
LaTeX Font Info:    Kanji font shape `JY1/mc/m/it' undefined
(Font)              No change on input line 26.
LaTeX Font Info:    Kanji font shape `JY1/mc/m/it' undefined
(Font)              No change on input line 26.
LaTeX Font Info:    Kanji font shape `JY1/mc/m/it' undefined
(Font)              No change on input line 26.
LaTeX Font Info:    Kanji font shape `JY1/mc/m/it' undefined
(Font)              No change on input line 26.
LaTeX Font Info:    Kanji font shape `JY1/mc/m/it' undefined
(Font)              No change on input line 26.
LaTeX Font Info:    Kanji font shape `JY1/mc/m/it' undefined
(Font)              No change on input line 26.
LaTeX Font Info:    Kanji font shape `JY1/mc/m/it' undefined
(Font)              No change on input line 26.
LaTeX Font Info:    Kanji font shape `JY1/mc/m/it' undefined
(Font)              No change on input line 26.
LaTeX Font Info:    Kanji font shape `JY1/mc/m/it' undefined
(Font)              No change on input line 26.
LaTeX Font Info:    Kanji font shape `JY1/mc/m/it' undefined
(Font)              No change on input line 26.
LaTeX Font Info:    Kanji font shape `JY1/mc/m/it' undefined
(Font)              No change on input line 26.
LaTeX Font Info:    Kanji font shape `JY1/mc/m/it' undefined
(Font)              No change on input line 32.
LaTeX Font Info:    Kanji font shape `JY1/mc/m/it' undefined
(Font)              No change on input line 32.
LaTeX Font Info:    Kanji font shape `JY1/mc/m/it' undefined
(Font)              No change on input line 32.
LaTeX Font Info:    Kanji font shape `JY1/mc/m/it' undefined
(Font)              No change on input line 32.
LaTeX Font Info:    Kanji font shape `JY1/mc/m/it' undefined
(Font)              No change on input line 32.
LaTeX Font Info:    Kanji font shape `JY1/mc/m/it' undefined
(Font)              No change on input line 38.
LaTeX Font Info:    Kanji font shape `JY1/mc/m/it' undefined
(Font)              No change on input line 38.
LaTeX Font Info:    Kanji font shape `JY1/mc/m/it' undefined
(Font)              No change on input line 38.
LaTeX Font Info:    Kanji font shape `JY1/mc/m/it' undefined
(Font)              No change on input line 38.
LaTeX Font Info:    Kanji font shape `JY1/mc/m/it' undefined
(Font)              No change on input line 38.
LaTeX Font Info:    Kanji font shape `JY1/mc/m/it' undefined
(Font)              No change on input line 38.
LaTeX Font Info:    Kanji font shape `JY1/mc/m/it' undefined
(Font)              No change on input line 38.
LaTeX Font Info:    Kanji font shape `JY1/mc/m/it' undefined
(Font)              No change on input line 38.
LaTeX Font Info:    Kanji font shape `JY1/mc/m/it' undefined
(Font)              No change on input line 38.
LaTeX Font Info:    Kanji font shape `JY1/mc/m/it' undefined
(Font)              No change on input line 38.
LaTeX Font Info:    Kanji font shape `JY1/mc/m/it' undefined
(Font)              No change on input line 38.
LaTeX Font Info:    Kanji font shape `JY1/mc/m/it' undefined
(Font)              No change on input line 38.
LaTeX Font Info:    Kanji font shape `JY1/mc/m/it' undefined
(Font)              No change on input line 38.
LaTeX Font Info:    Kanji font shape `JY1/mc/m/it' undefined
(Font)              No change on input line 49.
LaTeX Font Info:    Kanji font shape `JY1/mc/m/it' undefined
(Font)              No change on input line 49.
LaTeX Font Info:    Kanji font shape `JY1/mc/m/it' undefined
(Font)              No change on input line 49.
LaTeX Font Info:    Kanji font shape `JY1/mc/m/it' undefined
(Font)              No change on input line 49.
LaTeX Font Info:    Kanji font shape `JY1/mc/m/it' undefined
(Font)              No change on input line 49.
LaTeX Font Info:    Kanji font shape `JY1/mc/m/it' undefined
(Font)              No change on input line 49.
LaTeX Font Info:    Kanji font shape `JY1/mc/m/it' undefined
(Font)              No change on input line 49.
LaTeX Font Info:    Kanji font shape `JY1/mc/m/it' undefined
(Font)              No change on input line 49.
LaTeX Font Info:    Kanji font shape `JY1/mc/m/it' undefined
(Font)              No change on input line 49.
LaTeX Font Info:    Kanji font shape `JY1/mc/m/it' undefined
(Font)              No change on input line 49.
LaTeX Font Info:    Kanji font shape `JY1/mc/m/it' undefined
(Font)              No change on input line 49.
LaTeX Font Info:    Kanji font shape `JY1/mc/m/it' undefined
(Font)              No change on input line 61.
LaTeX Font Info:    Kanji font shape `JY1/mc/m/it' undefined
(Font)              No change on input line 61.
LaTeX Font Info:    Kanji font shape `JY1/mc/m/it' undefined
(Font)              No change on input line 61.
LaTeX Font Info:    Kanji font shape `JY1/mc/m/it' undefined
(Font)              No change on input line 61.
LaTeX Font Info:    Kanji font shape `JY1/mc/m/it' undefined
(Font)              No change on input line 61.
) [46] [47] [48]
\openout6 = `main.listing'.

 (./main.listing
LaTeX Font Info:    Kanji font shape `JY1/mc/m/it' undefined
(Font)              No change on input line 18.
LaTeX Font Info:    Kanji font shape `JY1/mc/m/it' undefined
(Font)              No change on input line 18.
LaTeX Font Info:    Kanji font shape `JY1/mc/m/it' undefined
(Font)              No change on input line 18.
LaTeX Font Info:    Kanji font shape `JY1/mc/m/it' undefined
(Font)              No change on input line 18.
LaTeX Font Info:    Kanji font shape `JY1/mc/m/it' undefined
(Font)              No change on input line 18.
LaTeX Font Info:    Kanji font shape `JY1/mc/m/it' undefined
(Font)              No change on input line 18.
LaTeX Font Info:    Kanji font shape `JY1/mc/m/it' undefined
(Font)              No change on input line 18.
LaTeX Font Info:    Kanji font shape `JY1/mc/m/it' undefined
(Font)              No change on input line 18.
LaTeX Font Info:    Kanji font shape `JY1/mc/m/it' undefined
(Font)              No change on input line 18.
LaTeX Font Info:    Kanji font shape `JY1/mc/m/it' undefined
(Font)              No change on input line 18.
LaTeX Font Info:    Kanji font shape `JY1/mc/m/it' undefined
(Font)              No change on input line 18.
LaTeX Font Info:    Kanji font shape `JY1/mc/m/it' undefined
(Font)              No change on input line 18.
LaTeX Font Info:    Kanji font shape `JY1/mc/m/it' undefined
(Font)              No change on input line 18.
LaTeX Font Info:    Kanji font shape `JY1/mc/m/it' undefined
(Font)              No change on input line 18.
LaTeX Font Info:    Kanji font shape `JY1/mc/m/it' undefined
(Font)              No change on input line 18.
LaTeX Font Info:    Kanji font shape `JY1/mc/m/it' undefined
(Font)              No change on input line 24.
LaTeX Font Info:    Kanji font shape `JY1/mc/m/it' undefined
(Font)              No change on input line 24.
LaTeX Font Info:    Kanji font shape `JY1/mc/m/it' undefined
(Font)              No change on input line 24.
LaTeX Font Info:    Kanji font shape `JY1/mc/m/it' undefined
(Font)              No change on input line 24.
LaTeX Font Info:    Kanji font shape `JY1/mc/m/it' undefined
(Font)              No change on input line 24.
LaTeX Font Info:    Kanji font shape `JY1/mc/m/it' undefined
(Font)              No change on input line 24.
LaTeX Font Info:    Kanji font shape `JY1/mc/m/it' undefined
(Font)              No change on input line 24.
LaTeX Font Info:    Kanji font shape `JY1/mc/m/it' undefined
(Font)              No change on input line 24.
LaTeX Font Info:    Kanji font shape `JY1/mc/m/it' undefined
(Font)              No change on input line 24.
LaTeX Font Info:    Kanji font shape `JY1/mc/m/it' undefined
(Font)              No change on input line 24.
LaTeX Font Info:    Kanji font shape `JY1/mc/m/it' undefined
(Font)              No change on input line 24.
LaTeX Font Info:    Kanji font shape `JY1/mc/m/it' undefined
(Font)              No change on input line 24.
LaTeX Font Info:    Kanji font shape `JY1/mc/m/it' undefined
(Font)              No change on input line 24.
LaTeX Font Info:    Kanji font shape `JY1/mc/m/it' undefined
(Font)              No change on input line 24.
LaTeX Font Info:    Kanji font shape `JY1/mc/m/it' undefined
(Font)              No change on input line 24.
LaTeX Font Info:    Kanji font shape `JY1/mc/m/it' undefined
(Font)              No change on input line 24.
LaTeX Font Info:    Kanji font shape `JY1/mc/m/it' undefined
(Font)              No change on input line 24.
LaTeX Font Info:    Kanji font shape `JY1/mc/m/it' undefined
(Font)              No change on input line 24.
LaTeX Font Info:    Kanji font shape `JY1/mc/m/it' undefined
(Font)              No change on input line 24.
LaTeX Font Info:    Kanji font shape `JY1/mc/m/it' undefined
(Font)              No change on input line 24.
LaTeX Font Info:    Kanji font shape `JY1/mc/m/it' undefined
(Font)              No change on input line 24.
LaTeX Font Info:    Kanji font shape `JY1/mc/m/it' undefined
(Font)              No change on input line 31.
LaTeX Font Info:    Kanji font shape `JY1/mc/m/it' undefined
(Font)              No change on input line 31.
LaTeX Font Info:    Kanji font shape `JY1/mc/m/it' undefined
(Font)              No change on input line 31.
LaTeX Font Info:    Kanji font shape `JY1/mc/m/it' undefined
(Font)              No change on input line 31.
LaTeX Font Info:    Kanji font shape `JY1/mc/m/it' undefined
(Font)              No change on input line 31.
LaTeX Font Info:    Kanji font shape `JY1/mc/m/it' undefined
(Font)              No change on input line 31.
LaTeX Font Info:    Kanji font shape `JY1/mc/m/it' undefined
(Font)              No change on input line 31.
LaTeX Font Info:    Kanji font shape `JY1/mc/m/it' undefined
(Font)              No change on input line 31.
LaTeX Font Info:    Kanji font shape `JY1/mc/m/it' undefined
(Font)              No change on input line 31.
LaTeX Font Info:    Kanji font shape `JY1/mc/m/it' undefined
(Font)              No change on input line 31.
LaTeX Font Info:    Kanji font shape `JY1/mc/m/it' undefined
(Font)              No change on input line 31.
LaTeX Font Info:    Kanji font shape `JY1/mc/m/it' undefined
(Font)              No change on input line 31.
LaTeX Font Info:    Kanji font shape `JY1/mc/m/it' undefined
(Font)              No change on input line 31.
LaTeX Font Info:    Kanji font shape `JY1/mc/m/it' undefined
(Font)              No change on input line 31.
LaTeX Font Info:    Kanji font shape `JY1/mc/m/it' undefined
(Font)              No change on input line 36.
LaTeX Font Info:    Kanji font shape `JY1/mc/m/it' undefined
(Font)              No change on input line 36.
LaTeX Font Info:    Kanji font shape `JY1/mc/m/it' undefined
(Font)              No change on input line 36.
LaTeX Font Info:    Kanji font shape `JY1/mc/m/it' undefined
(Font)              No change on input line 36.
LaTeX Font Info:    Kanji font shape `JY1/mc/m/it' undefined
(Font)              No change on input line 36.
LaTeX Font Info:    Kanji font shape `JY1/mc/m/it' undefined
(Font)              No change on input line 36.
LaTeX Font Info:    Kanji font shape `JY1/mc/m/it' undefined
(Font)              No change on input line 36.
LaTeX Font Info:    Kanji font shape `JY1/mc/m/it' undefined
(Font)              No change on input line 36.
LaTeX Font Info:    Kanji font shape `JY1/mc/m/it' undefined
(Font)              No change on input line 36.
LaTeX Font Info:    Kanji font shape `JY1/mc/m/it' undefined
(Font)              No change on input line 36.
LaTeX Font Info:    Kanji font shape `JY1/mc/m/it' undefined
(Font)              No change on input line 36.
LaTeX Font Info:    Kanji font shape `JY1/mc/m/it' undefined
(Font)              No change on input line 36.
LaTeX Font Info:    Kanji font shape `JY1/mc/m/it' undefined
(Font)              No change on input line 36.
LaTeX Font Info:    Kanji font shape `JY1/mc/m/it' undefined
(Font)              No change on input line 36.
LaTeX Font Info:    Kanji font shape `JY1/mc/m/it' undefined
(Font)              No change on input line 36.
LaTeX Font Info:    Kanji font shape `JY1/mc/m/it' undefined
(Font)              No change on input line 68.
LaTeX Font Info:    Kanji font shape `JY1/mc/m/it' undefined
(Font)              No change on input line 68.
LaTeX Font Info:    Kanji font shape `JY1/mc/m/it' undefined
(Font)              No change on input line 68.
LaTeX Font Info:    Kanji font shape `JY1/mc/m/it' undefined
(Font)              No change on input line 68.
LaTeX Font Info:    Kanji font shape `JY1/mc/m/it' undefined
(Font)              No change on input line 68.
LaTeX Font Info:    Kanji font shape `JY1/mc/m/it' undefined
(Font)              No change on input line 68.
LaTeX Font Info:    Kanji font shape `JY1/mc/m/it' undefined
(Font)              No change on input line 68.
LaTeX Font Info:    Kanji font shape `JY1/mc/m/it' undefined
(Font)              No change on input line 68.
LaTeX Font Info:    Kanji font shape `JY1/mc/m/it' undefined
(Font)              No change on input line 68.
LaTeX Font Info:    Kanji font shape `JY1/mc/m/it' undefined
(Font)              No change on input line 68.
LaTeX Font Info:    Kanji font shape `JY1/mc/m/it' undefined
(Font)              No change on input line 68.
LaTeX Font Info:    Kanji font shape `JY1/mc/m/it' undefined
(Font)              No change on input line 68.
LaTeX Font Info:    Kanji font shape `JY1/mc/m/it' undefined
(Font)              No change on input line 68.
LaTeX Font Info:    Kanji font shape `JY1/mc/m/it' undefined
(Font)              No change on input line 68.
LaTeX Font Info:    Kanji font shape `JY1/mc/m/it' undefined
(Font)              No change on input line 68.
LaTeX Font Info:    Kanji font shape `JY1/mc/m/it' undefined
(Font)              No change on input line 68.
LaTeX Font Info:    Kanji font shape `JY1/mc/m/it' undefined
(Font)              No change on input line 68.
LaTeX Font Info:    Kanji font shape `JY1/mc/m/it' undefined
(Font)              No change on input line 68.
LaTeX Font Info:    Kanji font shape `JY1/mc/m/it' undefined
(Font)              No change on input line 68.
LaTeX Font Info:    Kanji font shape `JY1/mc/m/it' undefined
(Font)              No change on input line 68.
LaTeX Font Info:    Kanji font shape `JY1/mc/m/it' undefined
(Font)              No change on input line 68.
LaTeX Font Info:    Kanji font shape `JY1/mc/m/it' undefined
(Font)              No change on input line 68.
LaTeX Font Info:    Kanji font shape `JY1/mc/m/it' undefined
(Font)              No change on input line 87.
LaTeX Font Info:    Kanji font shape `JY1/mc/m/it' undefined
(Font)              No change on input line 87.
LaTeX Font Info:    Kanji font shape `JY1/mc/m/it' undefined
(Font)              No change on input line 87.
LaTeX Font Info:    Kanji font shape `JY1/mc/m/it' undefined
(Font)              No change on input line 87.
LaTeX Font Info:    Kanji font shape `JY1/mc/m/it' undefined
(Font)              No change on input line 87.
LaTeX Font Info:    Kanji font shape `JY1/mc/m/it' undefined
(Font)              No change on input line 87.
LaTeX Font Info:    Kanji font shape `JY1/mc/m/it' undefined
(Font)              No change on input line 87.
LaTeX Font Info:    Kanji font shape `JY1/mc/m/it' undefined
(Font)              No change on input line 87.
LaTeX Font Info:    Kanji font shape `JY1/mc/m/it' undefined
(Font)              No change on input line 87.
LaTeX Font Info:    Kanji font shape `JY1/mc/m/it' undefined
(Font)              No change on input line 87.
LaTeX Font Info:    Kanji font shape `JY1/mc/m/it' undefined
(Font)              No change on input line 87.
LaTeX Font Info:    Kanji font shape `JY1/mc/m/it' undefined
(Font)              No change on input line 87.
LaTeX Font Info:    Kanji font shape `JY1/mc/m/it' undefined
(Font)              No change on input line 87.
LaTeX Font Info:    Kanji font shape `JY1/mc/m/it' undefined
(Font)              No change on input line 87.
LaTeX Font Info:    Kanji font shape `JY1/mc/m/it' undefined
(Font)              No change on input line 87.
LaTeX Font Info:    Kanji font shape `JY1/mc/m/it' undefined
(Font)              No change on input line 87.
LaTeX Font Info:    Kanji font shape `JY1/mc/m/it' undefined
(Font)              No change on input line 87.
LaTeX Font Info:    Kanji font shape `JY1/mc/m/it' undefined
(Font)              No change on input line 87.
LaTeX Font Info:    Kanji font shape `JY1/mc/m/it' undefined
(Font)              No change on input line 87.
LaTeX Font Info:    Kanji font shape `JY1/mc/m/it' undefined
(Font)              No change on input line 129.
LaTeX Font Info:    Kanji font shape `JY1/mc/m/it' undefined
(Font)              No change on input line 129.
LaTeX Font Info:    Kanji font shape `JY1/mc/m/it' undefined
(Font)              No change on input line 129.
LaTeX Font Info:    Kanji font shape `JY1/mc/m/it' undefined
(Font)              No change on input line 129.
LaTeX Font Info:    Kanji font shape `JY1/mc/m/it' undefined
(Font)              No change on input line 129.
LaTeX Font Info:    Kanji font shape `JY1/mc/m/it' undefined
(Font)              No change on input line 129.
LaTeX Font Info:    Kanji font shape `JY1/mc/m/it' undefined
(Font)              No change on input line 129.
LaTeX Font Info:    Kanji font shape `JY1/mc/m/it' undefined
(Font)              No change on input line 129.
LaTeX Font Info:    Kanji font shape `JY1/mc/m/it' undefined
(Font)              No change on input line 129.
LaTeX Font Info:    Kanji font shape `JY1/mc/m/it' undefined
(Font)              No change on input line 129.
LaTeX Font Info:    Kanji font shape `JY1/mc/m/it' undefined
(Font)              No change on input line 129.
LaTeX Font Info:    Kanji font shape `JY1/mc/m/it' undefined
(Font)              No change on input line 129.
LaTeX Font Info:    Kanji font shape `JY1/mc/m/it' undefined
(Font)              No change on input line 129.
LaTeX Font Info:    Kanji font shape `JY1/mc/m/it' undefined
(Font)              No change on input line 129.
LaTeX Font Info:    Kanji font shape `JY1/mc/m/it' undefined
(Font)              No change on input line 129.
LaTeX Font Info:    Kanji font shape `JY1/mc/m/it' undefined
(Font)              No change on input line 129.
LaTeX Font Info:    Kanji font shape `JY1/mc/m/it' undefined
(Font)              No change on input line 129.
LaTeX Font Info:    Kanji font shape `JY1/mc/m/it' undefined
(Font)              No change on input line 164.
LaTeX Font Info:    Kanji font shape `JY1/mc/m/it' undefined
(Font)              No change on input line 164.
LaTeX Font Info:    Kanji font shape `JY1/mc/m/it' undefined
(Font)              No change on input line 164.
LaTeX Font Info:    Kanji font shape `JY1/mc/m/it' undefined
(Font)              No change on input line 164.
LaTeX Font Info:    Kanji font shape `JY1/mc/m/it' undefined
(Font)              No change on input line 164.
LaTeX Font Info:    Kanji font shape `JY1/mc/m/it' undefined
(Font)              No change on input line 164.
LaTeX Font Info:    Kanji font shape `JY1/mc/m/it' undefined
(Font)              No change on input line 164.
LaTeX Font Info:    Kanji font shape `JY1/mc/m/it' undefined
(Font)              No change on input line 164.
LaTeX Font Info:    Kanji font shape `JY1/mc/m/it' undefined
(Font)              No change on input line 164.
LaTeX Font Info:    Kanji font shape `JY1/mc/m/it' undefined
(Font)              No change on input line 164.
LaTeX Font Info:    Kanji font shape `JY1/mc/m/it' undefined
(Font)              No change on input line 164.
LaTeX Font Info:    Kanji font shape `JY1/mc/m/it' undefined
(Font)              No change on input line 164.
LaTeX Font Info:    Kanji font shape `JY1/mc/m/it' undefined
(Font)              No change on input line 164.
LaTeX Font Info:    Kanji font shape `JY1/mc/m/it' undefined
(Font)              No change on input line 164.
LaTeX Font Info:    Kanji font shape `JY1/mc/m/it' undefined
(Font)              No change on input line 164.
LaTeX Font Info:    Kanji font shape `JY1/mc/m/it' undefined
(Font)              No change on input line 164.
LaTeX Font Info:    Kanji font shape `JY1/mc/m/it' undefined
(Font)              No change on input line 164.
LaTeX Font Info:    Kanji font shape `JY1/mc/m/it' undefined
(Font)              No change on input line 164.
LaTeX Font Info:    Kanji font shape `JY1/mc/m/it' undefined
(Font)              No change on input line 164.
LaTeX Font Info:    Kanji font shape `JY1/mc/m/it' undefined
(Font)              No change on input line 164.
LaTeX Font Info:    Kanji font shape `JY1/mc/m/it' undefined
(Font)              No change on input line 164.
LaTeX Font Info:    Kanji font shape `JY1/mc/m/it' undefined
(Font)              No change on input line 164.
LaTeX Font Info:    Kanji font shape `JY1/mc/m/it' undefined
(Font)              No change on input line 164.
LaTeX Font Info:    Kanji font shape `JY1/mc/m/it' undefined
(Font)              No change on input line 164.
LaTeX Font Info:    Kanji font shape `JY1/mc/m/it' undefined
(Font)              No change on input line 194.
LaTeX Font Info:    Kanji font shape `JY1/mc/m/it' undefined
(Font)              No change on input line 194.
LaTeX Font Info:    Kanji font shape `JY1/mc/m/it' undefined
(Font)              No change on input line 194.
LaTeX Font Info:    Kanji font shape `JY1/mc/m/it' undefined
(Font)              No change on input line 194.
LaTeX Font Info:    Kanji font shape `JY1/mc/m/it' undefined
(Font)              No change on input line 194.
LaTeX Font Info:    Kanji font shape `JY1/mc/m/it' undefined
(Font)              No change on input line 194.
LaTeX Font Info:    Kanji font shape `JY1/mc/m/it' undefined
(Font)              No change on input line 194.
LaTeX Font Info:    Kanji font shape `JY1/mc/m/it' undefined
(Font)              No change on input line 194.
LaTeX Font Info:    Kanji font shape `JY1/mc/m/it' undefined
(Font)              No change on input line 194.
LaTeX Font Info:    Kanji font shape `JY1/mc/m/it' undefined
(Font)              No change on input line 194.
LaTeX Font Info:    Kanji font shape `JY1/mc/m/it' undefined
(Font)              No change on input line 194.
LaTeX Font Info:    Kanji font shape `JY1/mc/m/it' undefined
(Font)              No change on input line 194.
LaTeX Font Info:    Kanji font shape `JY1/mc/m/it' undefined
(Font)              No change on input line 194.
LaTeX Font Info:    Kanji font shape `JY1/mc/m/it' undefined
(Font)              No change on input line 194.
LaTeX Font Info:    Kanji font shape `JY1/mc/m/it' undefined
(Font)              No change on input line 194.
LaTeX Font Info:    Kanji font shape `JY1/mc/m/it' undefined
(Font)              No change on input line 194.
LaTeX Font Info:    Kanji font shape `JY1/mc/m/it' undefined
(Font)              No change on input line 194.
LaTeX Font Info:    Kanji font shape `JY1/mc/m/it' undefined
(Font)              No change on input line 194.
LaTeX Font Info:    Kanji font shape `JY1/mc/m/it' undefined
(Font)              No change on input line 194.
LaTeX Font Info:    Kanji font shape `JY1/mc/m/it' undefined
(Font)              No change on input line 194.
LaTeX Font Info:    Kanji font shape `JY1/mc/m/it' undefined
(Font)              No change on input line 204.
LaTeX Font Info:    Kanji font shape `JY1/mc/m/it' undefined
(Font)              No change on input line 204.
LaTeX Font Info:    Kanji font shape `JY1/mc/m/it' undefined
(Font)              No change on input line 204.
LaTeX Font Info:    Kanji font shape `JY1/mc/m/it' undefined
(Font)              No change on input line 204.
LaTeX Font Info:    Kanji font shape `JY1/mc/m/it' undefined
(Font)              No change on input line 204.
LaTeX Font Info:    Kanji font shape `JY1/mc/m/it' undefined
(Font)              No change on input line 204.
LaTeX Font Info:    Kanji font shape `JY1/mc/m/it' undefined
(Font)              No change on input line 222.
LaTeX Font Info:    Kanji font shape `JY1/mc/m/it' undefined
(Font)              No change on input line 222.
LaTeX Font Info:    Kanji font shape `JY1/mc/m/it' undefined
(Font)              No change on input line 222.
LaTeX Font Info:    Kanji font shape `JY1/mc/m/it' undefined
(Font)              No change on input line 222.
LaTeX Font Info:    Kanji font shape `JY1/mc/m/it' undefined
(Font)              No change on input line 222.
LaTeX Font Info:    Kanji font shape `JY1/mc/m/it' undefined
(Font)              No change on input line 222.
LaTeX Font Info:    Kanji font shape `JY1/mc/m/it' undefined
(Font)              No change on input line 222.
LaTeX Font Info:    Kanji font shape `JY1/mc/m/it' undefined
(Font)              No change on input line 222.
LaTeX Font Info:    Kanji font shape `JY1/mc/m/it' undefined
(Font)              No change on input line 226.
LaTeX Font Info:    Kanji font shape `JY1/mc/m/it' undefined
(Font)              No change on input line 226.
LaTeX Font Info:    Kanji font shape `JY1/mc/m/it' undefined
(Font)              No change on input line 226.
LaTeX Font Info:    Kanji font shape `JY1/mc/m/it' undefined
(Font)              No change on input line 226.
LaTeX Font Info:    Kanji font shape `JY1/mc/m/it' undefined
(Font)              No change on input line 226.
LaTeX Font Info:    Kanji font shape `JY1/mc/m/it' undefined
(Font)              No change on input line 226.
LaTeX Font Info:    Kanji font shape `JY1/mc/m/it' undefined
(Font)              No change on input line 235.
LaTeX Font Info:    Kanji font shape `JY1/mc/m/it' undefined
(Font)              No change on input line 235.
LaTeX Font Info:    Kanji font shape `JY1/mc/m/it' undefined
(Font)              No change on input line 235.
LaTeX Font Info:    Kanji font shape `JY1/mc/m/it' undefined
(Font)              No change on input line 235.
LaTeX Font Info:    Kanji font shape `JY1/mc/m/it' undefined
(Font)              No change on input line 235.
LaTeX Font Info:    Kanji font shape `JY1/mc/m/it' undefined
(Font)              No change on input line 236.
LaTeX Font Info:    Kanji font shape `JY1/mc/m/it' undefined
(Font)              No change on input line 236.
LaTeX Font Info:    Kanji font shape `JY1/mc/m/it' undefined
(Font)              No change on input line 236.
LaTeX Font Info:    Kanji font shape `JY1/mc/m/it' undefined
(Font)              No change on input line 236.
LaTeX Font Info:    Kanji font shape `JY1/mc/m/it' undefined
(Font)              No change on input line 236.
LaTeX Font Info:    Kanji font shape `JY1/mc/m/it' undefined
(Font)              No change on input line 236.
LaTeX Font Info:    Kanji font shape `JY1/mc/m/it' undefined
(Font)              No change on input line 236.
LaTeX Font Info:    Kanji font shape `JY1/mc/m/it' undefined
(Font)              No change on input line 236.
LaTeX Font Info:    Kanji font shape `JY1/mc/m/it' undefined
(Font)              No change on input line 236.
LaTeX Font Info:    Kanji font shape `JY1/mc/m/it' undefined
(Font)              No change on input line 236.
LaTeX Font Info:    Kanji font shape `JY1/mc/m/it' undefined
(Font)              No change on input line 236.
LaTeX Font Info:    Kanji font shape `JY1/mc/m/it' undefined
(Font)              No change on input line 236.
LaTeX Font Info:    Kanji font shape `JY1/mc/m/it' undefined
(Font)              No change on input line 236.
LaTeX Font Info:    Kanji font shape `JY1/mc/m/it' undefined
(Font)              No change on input line 236.
LaTeX Font Info:    Kanji font shape `JY1/mc/m/it' undefined
(Font)              No change on input line 236.
LaTeX Font Info:    Kanji font shape `JY1/mc/m/it' undefined
(Font)              No change on input line 236.
LaTeX Font Info:    Kanji font shape `JY1/mc/m/it' undefined
(Font)              No change on input line 236.
LaTeX Font Info:    Kanji font shape `JY1/mc/m/it' undefined
(Font)              No change on input line 236.
LaTeX Font Info:    Kanji font shape `JY1/mc/m/it' undefined
(Font)              No change on input line 236.
LaTeX Font Info:    Kanji font shape `JY1/mc/m/it' undefined
(Font)              No change on input line 236.
LaTeX Font Info:    Kanji font shape `JY1/mc/m/it' undefined
(Font)              No change on input line 236.
LaTeX Font Info:    Kanji font shape `JY1/mc/m/it' undefined
(Font)              No change on input line 236.
LaTeX Font Info:    Kanji font shape `JY1/mc/m/it' undefined
(Font)              No change on input line 236.
LaTeX Font Info:    Kanji font shape `JY1/mc/m/it' undefined
(Font)              No change on input line 236.
LaTeX Font Info:    Kanji font shape `JY1/mc/m/it' undefined
(Font)              No change on input line 236.
LaTeX Font Info:    Kanji font shape `JY1/mc/m/it' undefined
(Font)              No change on input line 236.
LaTeX Font Info:    Kanji font shape `JY1/mc/m/it' undefined
(Font)              No change on input line 236.
LaTeX Font Info:    Kanji font shape `JY1/mc/m/it' undefined
(Font)              No change on input line 236.
LaTeX Font Info:    Kanji font shape `JY1/mc/m/it' undefined
(Font)              No change on input line 236.
LaTeX Font Info:    Kanji font shape `JY1/mc/m/it' undefined
(Font)              No change on input line 236.
LaTeX Font Info:    Kanji font shape `JY1/mc/m/it' undefined
(Font)              No change on input line 236.
LaTeX Font Info:    Kanji font shape `JY1/mc/m/it' undefined
(Font)              No change on input line 236.
LaTeX Font Info:    Kanji font shape `JY1/mc/m/it' undefined
(Font)              No change on input line 236.
LaTeX Font Info:    Kanji font shape `JY1/mc/m/it' undefined
(Font)              No change on input line 261.
LaTeX Font Info:    Kanji font shape `JY1/mc/m/it' undefined
(Font)              No change on input line 261.
LaTeX Font Info:    Kanji font shape `JY1/mc/m/it' undefined
(Font)              No change on input line 261.
LaTeX Font Info:    Kanji font shape `JY1/mc/m/it' undefined
(Font)              No change on input line 261.
LaTeX Font Info:    Kanji font shape `JY1/mc/m/it' undefined
(Font)              No change on input line 261.
LaTeX Font Info:    Kanji font shape `JY1/mc/m/it' undefined
(Font)              No change on input line 261.
LaTeX Font Info:    Kanji font shape `JY1/mc/m/it' undefined
(Font)              No change on input line 261.
LaTeX Font Info:    Kanji font shape `JY1/mc/m/it' undefined
(Font)              No change on input line 261.
LaTeX Font Info:    Kanji font shape `JY1/mc/m/it' undefined
(Font)              No change on input line 268.
LaTeX Font Info:    Kanji font shape `JY1/mc/m/it' undefined
(Font)              No change on input line 268.
LaTeX Font Info:    Kanji font shape `JY1/mc/m/it' undefined
(Font)              No change on input line 268.
LaTeX Font Info:    Kanji font shape `JY1/mc/m/it' undefined
(Font)              No change on input line 268.
LaTeX Font Info:    Kanji font shape `JY1/mc/m/it' undefined
(Font)              No change on input line 280.
LaTeX Font Info:    Kanji font shape `JY1/mc/m/it' undefined
(Font)              No change on input line 280.
LaTeX Font Info:    Kanji font shape `JY1/mc/m/it' undefined
(Font)              No change on input line 280.
LaTeX Font Info:    Kanji font shape `JY1/mc/m/it' undefined
(Font)              No change on input line 280.
LaTeX Font Info:    Kanji font shape `JY1/mc/m/it' undefined
(Font)              No change on input line 280.
LaTeX Font Info:    Kanji font shape `JY1/mc/m/it' undefined
(Font)              No change on input line 280.
LaTeX Font Info:    Kanji font shape `JY1/mc/m/it' undefined
(Font)              No change on input line 298.
LaTeX Font Info:    Kanji font shape `JY1/mc/m/it' undefined
(Font)              No change on input line 298.
LaTeX Font Info:    Kanji font shape `JY1/mc/m/it' undefined
(Font)              No change on input line 298.
LaTeX Font Info:    Kanji font shape `JY1/mc/m/it' undefined
(Font)              No change on input line 298.
LaTeX Font Info:    Kanji font shape `JY1/mc/m/it' undefined
(Font)              No change on input line 298.
LaTeX Font Info:    Kanji font shape `JY1/mc/m/it' undefined
(Font)              No change on input line 298.
LaTeX Font Info:    Kanji font shape `JY1/mc/m/it' undefined
(Font)              No change on input line 298.
LaTeX Font Info:    Kanji font shape `JY1/mc/m/it' undefined
(Font)              No change on input line 298.
LaTeX Font Info:    Kanji font shape `JY1/mc/m/it' undefined
(Font)              No change on input line 321.
LaTeX Font Info:    Kanji font shape `JY1/mc/m/it' undefined
(Font)              No change on input line 321.
LaTeX Font Info:    Kanji font shape `JY1/mc/m/it' undefined
(Font)              No change on input line 321.
LaTeX Font Info:    Kanji font shape `JY1/mc/m/it' undefined
(Font)              No change on input line 321.
LaTeX Font Info:    Kanji font shape `JY1/mc/m/it' undefined
(Font)              No change on input line 321.
LaTeX Font Info:    Kanji font shape `JY1/mc/m/it' undefined
(Font)              No change on input line 321.
LaTeX Font Info:    Kanji font shape `JY1/mc/m/it' undefined
(Font)              No change on input line 321.
LaTeX Font Info:    Kanji font shape `JY1/mc/m/it' undefined
(Font)              No change on input line 321.
LaTeX Font Info:    Kanji font shape `JY1/mc/m/it' undefined
(Font)              No change on input line 321.
LaTeX Font Info:    Kanji font shape `JY1/mc/m/it' undefined
(Font)              No change on input line 321.
LaTeX Font Info:    Kanji font shape `JY1/mc/m/it' undefined
(Font)              No change on input line 321.
LaTeX Font Info:    Kanji font shape `JY1/mc/m/it' undefined
(Font)              No change on input line 321.
LaTeX Font Info:    Kanji font shape `JY1/mc/m/it' undefined
(Font)              No change on input line 321.
LaTeX Font Info:    Kanji font shape `JY1/mc/m/it' undefined
(Font)              No change on input line 321.
LaTeX Font Info:    Kanji font shape `JY1/mc/m/it' undefined
(Font)              No change on input line 321.
LaTeX Font Info:    Kanji font shape `JY1/mc/m/it' undefined
(Font)              No change on input line 321.
LaTeX Font Info:    Kanji font shape `JY1/mc/m/it' undefined
(Font)              No change on input line 321.
LaTeX Font Info:    Kanji font shape `JY1/mc/m/it' undefined
(Font)              No change on input line 321.
LaTeX Font Info:    Kanji font shape `JY1/mc/m/it' undefined
(Font)              No change on input line 321.
LaTeX Font Info:    Kanji font shape `JY1/mc/m/it' undefined
(Font)              No change on input line 321.
LaTeX Font Info:    Kanji font shape `JY1/mc/m/it' undefined
(Font)              No change on input line 321.
LaTeX Font Info:    Kanji font shape `JY1/mc/m/it' undefined
(Font)              No change on input line 321.
LaTeX Font Info:    Kanji font shape `JY1/mc/m/it' undefined
(Font)              No change on input line 321.
LaTeX Font Info:    Kanji font shape `JY1/mc/m/it' undefined
(Font)              No change on input line 328.
LaTeX Font Info:    Kanji font shape `JY1/mc/m/it' undefined
(Font)              No change on input line 328.
LaTeX Font Info:    Kanji font shape `JY1/mc/m/it' undefined
(Font)              No change on input line 328.
LaTeX Font Info:    Kanji font shape `JY1/mc/m/it' undefined
(Font)              No change on input line 328.
LaTeX Font Info:    Kanji font shape `JY1/mc/m/it' undefined
(Font)              No change on input line 328.
LaTeX Font Info:    Kanji font shape `JY1/mc/m/it' undefined
(Font)              No change on input line 328.
LaTeX Font Info:    Kanji font shape `JY1/mc/m/it' undefined
(Font)              No change on input line 328.
LaTeX Font Info:    Kanji font shape `JY1/mc/m/it' undefined
(Font)              No change on input line 328.
LaTeX Font Info:    Kanji font shape `JY1/mc/m/it' undefined
(Font)              No change on input line 328.
LaTeX Font Info:    Kanji font shape `JY1/mc/m/it' undefined
(Font)              No change on input line 328.
LaTeX Font Info:    Kanji font shape `JY1/mc/m/it' undefined
(Font)              No change on input line 328.
LaTeX Font Info:    Kanji font shape `JY1/mc/m/it' undefined
(Font)              No change on input line 328.
LaTeX Font Info:    Kanji font shape `JY1/mc/m/it' undefined
(Font)              No change on input line 328.
LaTeX Font Info:    Kanji font shape `JY1/mc/m/it' undefined
(Font)              No change on input line 328.
LaTeX Font Info:    Kanji font shape `JY1/mc/m/it' undefined
(Font)              No change on input line 328.
LaTeX Font Info:    Kanji font shape `JY1/mc/m/it' undefined
(Font)              No change on input line 338.
LaTeX Font Info:    Kanji font shape `JY1/mc/m/it' undefined
(Font)              No change on input line 338.
LaTeX Font Info:    Kanji font shape `JY1/mc/m/it' undefined
(Font)              No change on input line 338.
LaTeX Font Info:    Kanji font shape `JY1/mc/m/it' undefined
(Font)              No change on input line 338.
LaTeX Font Info:    Kanji font shape `JY1/mc/m/it' undefined
(Font)              No change on input line 338.
LaTeX Font Info:    Kanji font shape `JY1/mc/m/it' undefined
(Font)              No change on input line 338.
LaTeX Font Info:    Kanji font shape `JY1/mc/m/it' undefined
(Font)              No change on input line 338.
LaTeX Font Info:    Kanji font shape `JY1/mc/m/it' undefined
(Font)              No change on input line 338.
LaTeX Font Info:    Kanji font shape `JY1/mc/m/it' undefined
(Font)              No change on input line 338.
LaTeX Font Info:    Kanji font shape `JY1/mc/m/it' undefined
(Font)              No change on input line 338.
LaTeX Font Info:    Kanji font shape `JY1/mc/m/it' undefined
(Font)              No change on input line 338.
LaTeX Font Info:    Kanji font shape `JY1/mc/m/it' undefined
(Font)              No change on input line 338.
LaTeX Font Info:    Kanji font shape `JY1/mc/m/it' undefined
(Font)              No change on input line 338.
LaTeX Font Info:    Kanji font shape `JY1/mc/m/it' undefined
(Font)              No change on input line 338.
LaTeX Font Info:    Kanji font shape `JY1/mc/m/it' undefined
(Font)              No change on input line 378.
LaTeX Font Info:    Kanji font shape `JY1/mc/m/it' undefined
(Font)              No change on input line 378.
LaTeX Font Info:    Kanji font shape `JY1/mc/m/it' undefined
(Font)              No change on input line 378.
LaTeX Font Info:    Kanji font shape `JY1/mc/m/it' undefined
(Font)              No change on input line 378.
LaTeX Font Info:    Kanji font shape `JY1/mc/m/it' undefined
(Font)              No change on input line 393.
LaTeX Font Info:    Kanji font shape `JY1/mc/m/it' undefined
(Font)              No change on input line 393.
LaTeX Font Info:    Kanji font shape `JY1/mc/m/it' undefined
(Font)              No change on input line 393.
LaTeX Font Info:    Kanji font shape `JY1/mc/m/it' undefined
(Font)              No change on input line 393.
LaTeX Font Info:    Kanji font shape `JY1/mc/m/it' undefined
(Font)              No change on input line 393.
LaTeX Font Info:    Kanji font shape `JY1/mc/m/it' undefined
(Font)              No change on input line 393.
LaTeX Font Info:    Kanji font shape `JY1/mc/m/it' undefined
(Font)              No change on input line 393.
LaTeX Font Info:    Kanji font shape `JY1/mc/m/it' undefined
(Font)              No change on input line 393.
LaTeX Font Info:    Kanji font shape `JY1/mc/m/it' undefined
(Font)              No change on input line 411.
LaTeX Font Info:    Kanji font shape `JY1/mc/m/it' undefined
(Font)              No change on input line 411.
LaTeX Font Info:    Kanji font shape `JY1/mc/m/it' undefined
(Font)              No change on input line 411.
LaTeX Font Info:    Kanji font shape `JY1/mc/m/it' undefined
(Font)              No change on input line 411.
LaTeX Font Info:    Kanji font shape `JY1/mc/m/it' undefined
(Font)              No change on input line 411.
LaTeX Font Info:    Kanji font shape `JY1/mc/m/it' undefined
(Font)              No change on input line 411.
LaTeX Font Info:    Kanji font shape `JY1/mc/m/it' undefined
(Font)              No change on input line 414.
LaTeX Font Info:    Kanji font shape `JY1/mc/m/it' undefined
(Font)              No change on input line 414.
LaTeX Font Info:    Kanji font shape `JY1/mc/m/it' undefined
(Font)              No change on input line 414.
LaTeX Font Info:    Kanji font shape `JY1/mc/m/it' undefined
(Font)              No change on input line 414.
LaTeX Font Info:    Kanji font shape `JY1/mc/m/it' undefined
(Font)              No change on input line 414.
LaTeX Font Info:    Kanji font shape `JY1/mc/m/it' undefined
(Font)              No change on input line 414.
LaTeX Font Info:    Kanji font shape `JY1/mc/m/it' undefined
(Font)              No change on input line 414.
LaTeX Font Info:    Kanji font shape `JY1/mc/m/it' undefined
(Font)              No change on input line 414.
) [49] [50] [51] [52] [53] [54] [55] [56] [57] [58] [59] [60] [61] [62]

LaTeX Warning: Empty `thebibliography' environment on input line 2166.

[63

] (./main.aux)

LaTeX Warning: There were multiply-defined labels.


Package rerunfilecheck Warning: File `main.out' has changed.
(rerunfilecheck)                Rerun to get outlines right
(rerunfilecheck)                or use package `bookmark'.

Package rerunfilecheck Info: Checksums for `main.out':
(rerunfilecheck)             Before: B2A6F1EF9359B95250150A665FEAEADC;3865
(rerunfilecheck)             After:  E6D02A89ACDC6692160A8754BAC2B15B;3958.
 ) 
Here is how much of TeX's memory you used:
 30200 strings out of 478741
 587623 string characters out of 5860983
 2670957 words of memory out of 5000000
 48047 multiletter control sequences out of 15000+600000
 496500 words of font info for 136 fonts, out of 8000000 for 9000
 929 hyphenation exceptions out of 8191
 90i,16n,99p,1175b,1915s stack positions out of 5000i,500n,10000p,200000b,80000s

Output written on main.dvi (64 pages, 819276 bytes).
